key,testbed,class,multiplier,type,n,c,density,id,cfs_opt,cfs_time,cfs_nodes,cfs_timeout,heur_opt,heur_time,heur_restarts
main/C1/BPPC_1_0_10.txt_0.4,main,C,1,1,120,150,0.4,10,210,0.3488,1,0,210,0.0031,20
main/C1/BPPC_1_0_1.txt_0.4,main,C,1,1,120,150,0.4,1,200,0.3985,1,0,200,0.0027,20
main/C1/BPPC_1_0_1.txt_0.1,main,C,1,1,120,150,0.1,1,210,0.5560,1,0,210,0.0026,20
main/C1/BPPC_1_0_2.txt_0.1,main,C,1,1,120,150,0.1,2,210,0.5896,1,0,210,0.0031,20
main/C1/BPPC_1_0_1.txt_0.8,main,C,1,1,120,150,0.8,1,186,1.1060,104,0,180,0.0028,20
main/C1/BPPC_1_0_3.txt_0.1,main,C,1,1,120,150,0.1,3,210,0.6107,1,0,210,0.0030,20
main/C1/BPPC_1_0_3.txt_0.4,main,C,1,1,120,150,0.4,3,210,0.4260,18,0,210,0.0034,20
main/C1/BPPC_1_0_2.txt_0.4,main,C,1,1,120,150,0.4,2,200,1.1584,78,0,200,0.0031,20
main/C1/BPPC_1_0_3.txt_0.8,main,C,1,1,120,150,0.8,3,186,0.4450,400,0,180,0.0046,20
main/C1/BPPC_1_0_4.txt_0.1,main,C,1,1,120,150,0.1,4,210,0.5912,1,0,210,0.0035,20
main/C1/BPPC_1_0_4.txt_0.8,main,C,1,1,120,150,0.8,4,190,0.4170,1,0,180,0.0031,20
main/C1/BPPC_1_0_5.txt_0.8,main,C,1,1,120,150,0.8,5,183,1.1168,202,0,179,0.0029,20
main/C1/BPPC_2_0_1.txt_0.1,main,C,1,2,250,150,0.1,1,220,2.3352,1,0,220,0.0064,20
main/C1/BPPC_2_0_10.txt_0.1,main,C,1,2,250,150,0.1,10,220,2.3185,1,0,220,0.0067,20
main/C1/BPPC_2_0_10.txt_0.4,main,C,1,2,250,150,0.4,10,220,2.0397,1,0,210,0.0066,20
main/C1/BPPC_2_0_2.txt_0.4,main,C,1,2,250,150,0.4,2,210,2.0391,1,0,210,0.0065,20
main/C1/BPPC_2_0_2.txt_0.1,main,C,1,2,250,150,0.1,2,210,3.8029,1,0,210,0.0076,20
main/C1/BPPC_2_0_3.txt_0.1,main,C,1,2,250,150,0.1,3,220,3.4047,1,0,220,0.0070,20
main/C1/BPPC_2_0_3.txt_0.4,main,C,1,2,250,150,0.4,3,220,1.8470,1,0,210,0.0069,20
main/C1/BPPC_2_0_2.txt_0.8,main,C,1,2,250,150,0.8,2,195,6.4685,5,0,188,0.0063,20
main/C1/BPPC_2_0_1.txt_0.8,main,C,1,2,250,150,0.8,1,190,12.5813,241,0,180,0.0064,20
main/C1/BPPC_2_0_5.txt_0.4,main,C,1,2,250,150,0.4,5,220,2.1546,1,0,210,0.0060,20
main/C1/BPPC_2_0_10.txt_0.8,main,C,1,2,250,150,0.8,10,194,13.7867,270,0,187,0.0079,20
main/C1/BPPC_2_0_3.txt_0.8,main,C,1,2,250,150,0.8,3,190,14.2713,578,0,189,0.0062,20
main/C1/BPPC_3_0_2.txt_0.1,main,C,1,3,500,150,0.1,2,220,19.5640,1,0,220,0.0159,20
main/C1/BPPC_3_0_3.txt_0.4,main,C,1,3,500,150,0.4,3,220,11.5861,1,0,210,0.0160,20
main/C1/BPPC_3_0_10.txt_0.8,main,C,1,3,500,150,0.8,10,200,84.0071,90,0,188,0.0168,20
main/C1/BPPC_3_0_4.txt_0.1,main,C,1,3,500,150,0.1,4,220,19.9595,1,0,220,0.0159,20
main/C1/BPPC_3_0_4.txt_0.4,main,C,1,3,500,150,0.4,4,220,11.2431,1,0,210,0.0170,20
main/C1/BPPC_3_0_5.txt_0.1,main,C,1,3,500,150,0.1,5,220,21.1693,1,0,220,0.0162,20
main/C1/BPPC_3_0_5.txt_0.4,main,C,1,3,500,150,0.4,5,210,13.2999,1,0,210,0.0175,20
main/C1/BPPC_3_0_1.txt_0.8,main,C,1,3,500,150,0.8,1,200,168.4702,806,0,189,0.0172,20
main/C1/BPPC_3_0_3.txt_0.8,main,C,1,3,500,150,0.8,3,200,145.5071,592,0,189,0.0161,20
main/C1/BPPC_3_0_7.txt_0.1,main,C,1,3,500,150,0.1,7,220,19.7577,1,0,220,0.0156,20
main/C1/BPPC_3_0_2.txt_0.8,main,C,1,3,500,150,0.8,2,200,192.8453,1151,0,189,0.0165,20
main/C1/BPPC_3_0_6.txt_0.4,main,C,1,3,500,150,0.4,6,210,84.5861,116,0,210,0.0165,20
main/C1/BPPC_4_0_1.txt_0.4,main,C,1,4,1000,150,0.4,1,220,60.8028,1,0,220,0.0355,20
main/C1/BPPC_4_0_1.txt_0.1,main,C,1,4,1000,150,0.1,1,220,127.2762,1,0,220,0.0328,20
main/C1/BPPC_4_0_10.txt_0.1,main,C,1,4,1000,150,0.1,10,220,126.7233,1,0,220,0.0357,20
main/C1/BPPC_4_0_2.txt_0.4,main,C,1,4,1000,150,0.4,2,220,56.7196,1,0,220,0.0397,20
main/C1/BPPC_4_0_2.txt_0.1,main,C,1,4,1000,150,0.1,2,220,126.3960,1,0,220,0.0355,20
main/C1/BPPC_4_0_3.txt_0.4,main,C,1,4,1000,150,0.4,3,220,60.4801,1,0,220,0.0353,20
main/C1/BPPC_4_0_4.txt_0.1,main,C,1,4,1000,150,0.1,4,220,122.7035,1,0,220,0.0356,20
main/C1/BPPC_4_0_4.txt_0.4,main,C,1,4,1000,150,0.4,4,220,60.8403,1,0,220,0.0346,20
main/C1/BPPC_4_0_1.txt_0.8,main,C,1,4,1000,150,0.8,1,200,600.0081,0,1,190,0.0470,20
main/C1/BPPC_5_0_1.txt_0.1,main,C,1,5,60,1000,0.1,1,1030,0.9697,155,0,1030,0.0024,20
main/C1/BPPC_5_0_10.txt_0.1,main,C,1,5,60,1000,0.1,10,1030,0.9376,347,0,1030,0.0029,20
main/C1/BPPC_5_0_10.txt_0.4,main,C,1,5,60,1000,0.4,10,1030,0.7244,215,0,1030,0.0023,20
main/C1/BPPC_5_0_2.txt_0.4,main,C,1,5,60,1000,0.4,2,1030,0.7846,216,0,1030,0.0024,20
main/C1/BPPC_5_0_3.txt_0.4,main,C,1,5,60,1000,0.4,3,1030,0.7476,1,0,1030,0.0027,20
main/C1/BPPC_5_0_3.txt_0.8,main,C,1,5,60,1000,0.8,3,1027,0.6134,144,0,1026,0.0025,20
main/C1/BPPC_5_0_4.txt_0.4,main,C,1,5,60,1000,0.4,4,1030,0.7849,382,0,1030,0.0052,20
main/C1/BPPC_5_0_4.txt_0.8,main,C,1,5,60,1000,0.8,4,1029,0.6186,107,0,1027,0.0026,20
main/C1/BPPC_5_0_5.txt_0.1,main,C,1,5,60,1000,0.1,5,1030,0.9534,1,0,1030,0.0027,20
main/C1/BPPC_5_0_6.txt_0.1,main,C,1,5,60,1000,0.1,6,1030,0.9983,157,0,1030,0.0026,20
main/C1/BPPC_5_0_7.txt_0.8,main,C,1,5,60,1000,0.8,7,1029,0.6143,121,0,1026,0.0025,20
main/C1/BPPC_5_0_8.txt_0.8,main,C,1,5,60,1000,0.8,8,1029,0.7418,102,0,1027,0.0029,20
main/C1/BPPC_6_0_1.txt_0.1,main,C,1,6,120,1000,0.1,1,1030,3.9590,489,0,1030,0.0055,20
main/C1/BPPC_6_0_1.txt_0.4,main,C,1,6,120,1000,0.4,1,1030,3.0449,291,0,1030,0.0052,20
main/C1/BPPC_6_0_10.txt_0.1,main,C,1,6,120,1000,0.1,10,1040,3.4609,1,0,1040,0.0049,20
main/C1/BPPC_6_0_10.txt_0.4,main,C,1,6,120,1000,0.4,10,1040,2.8274,1,0,1030,0.0049,20
main/C1/BPPC_6_0_10.txt_0.8,main,C,1,6,120,1000,0.8,10,1030,2.3283,1,0,1030,0.0056,20
main/C1/BPPC_6_0_2.txt_0.1,main,C,1,6,120,1000,0.1,2,1040,3.5582,1,0,1040,0.0046,20
main/C1/BPPC_6_0_2.txt_0.4,main,C,1,6,120,1000,0.4,2,1030,3.1993,221,0,1030,0.0049,20
main/C1/BPPC_6_0_2.txt_0.8,main,C,1,6,120,1000,0.8,2,1030,2.3539,174,0,1029,0.0057,20
main/C1/BPPC_6_0_3.txt_0.4,main,C,1,6,120,1000,0.4,3,1030,2.8957,1,0,1030,0.0052,20
main/C1/BPPC_6_0_3.txt_0.8,main,C,1,6,120,1000,0.8,3,1030,2.3730,401,0,1028,0.0062,20
main/C1/BPPC_6_0_4.txt_0.1,main,C,1,6,120,1000,0.1,4,1030,3.8163,314,0,1030,0.0050,20
main/C1/BPPC_4_0_10.txt_0.8,main,C,1,4,1000,150,0.8,10,200,600.0100,0,1,190,0.0442,20
main/C1/BPPC_6_0_4.txt_0.8,main,C,1,6,120,1000,0.8,4,1030,2.3071,1,0,1028,0.0052,20
main/C1/BPPC_7_0_1.txt_0.8,main,C,1,7,249,1000,0.8,1,1030,9.3509,1,0,1030,0.0110,20
main/C1/BPPC_7_0_1.txt_0.4,main,C,1,7,249,1000,0.4,1,1040,11.6424,1,0,1030,0.0116,20
main/C1/BPPC_7_0_10.txt_0.8,main,C,1,7,249,1000,0.8,10,1030,9.6944,259,0,1030,0.0150,20
main/C1/BPPC_7_0_10.txt_0.1,main,C,1,7,249,1000,0.1,10,1040,14.7583,1,0,1040,0.0098,20
main/C1/BPPC_7_0_2.txt_0.1,main,C,1,7,249,1000,0.1,2,1040,14.8060,1,0,1040,0.0096,20
main/C1/BPPC_7_0_3.txt_0.1,main,C,1,7,249,1000,0.1,3,1040,14.6498,1,0,1040,0.0098,20
main/C1/BPPC_7_0_3.txt_0.4,main,C,1,7,249,1000,0.4,3,1030,13.4086,933,0,1030,0.0104,20
main/C1/BPPC_7_0_3.txt_0.8,main,C,1,7,249,1000,0.8,3,1030,9.1826,1,0,1030,0.0111,20
main/C1/BPPC_7_0_4.txt_0.4,main,C,1,7,249,1000,0.4,4,1030,12.5819,781,0,1030,0.0101,20
main/C1/BPPC_7_0_4.txt_0.1,main,C,1,7,249,1000,0.1,4,1040,14.3418,1,0,1040,0.0118,20
main/C1/BPPC_7_0_4.txt_0.8,main,C,1,7,249,1000,0.8,4,1030,9.6146,271,0,1030,0.0094,20
main/C1/BPPC_7_0_9.txt_0.4,main,C,1,7,249,1000,0.4,9,1030,13.6127,1506,0,1030,0.0112,20
main/C1/BPPC_8_0_1.txt_0.4,main,C,1,8,501,1000,0.4,1,1040,51.1422,1,0,1040,0.0233,20
main/C1/BPPC_8_0_1.txt_0.1,main,C,1,8,501,1000,0.1,1,1040,64.4904,1,0,1040,0.0192,20
main/C1/BPPC_8_0_1.txt_0.8,main,C,1,8,501,1000,0.8,1,1040,41.8732,1,0,1030,0.0231,20
main/C1/BPPC_4_0_3.txt_0.8,main,C,1,4,1000,150,0.8,3,200,600.0094,0,1,190,0.0405,20
main/C1/BPPC_8_0_10.txt_0.1,main,C,1,8,501,1000,0.1,10,1040,64.5116,1,0,1040,0.0210,20
main/C1/BPPC_8_0_10.txt_0.4,main,C,1,8,501,1000,0.4,10,1040,50.0518,1,0,1030,0.0224,20
main/C1/BPPC_8_0_10.txt_0.8,main,C,1,8,501,1000,0.8,10,1030,45.0593,662,0,1030,0.0238,20
main/C1/BPPC_8_0_2.txt_0.1,main,C,1,8,501,1000,0.1,2,1040,64.3029,1,0,1040,0.0210,20
main/C1/BPPC_8_0_2.txt_0.8,main,C,1,8,501,1000,0.8,2,1030,45.6923,821,0,1030,0.0285,20
main/C1/BPPC_8_0_3.txt_0.8,main,C,1,8,501,1000,0.8,3,1030,43.6586,1,0,1030,0.0316,20
main/C1/BPPC_8_0_4.txt_0.4,main,C,1,8,501,1000,0.4,4,1040,60.3104,1,0,1030,0.0237,20
main/C1/BPPC_8_0_4.txt_0.1,main,C,1,8,501,1000,0.1,4,1040,65.4329,1,0,1040,0.0213,20
main/C1/BPPC_8_0_5.txt_0.4,main,C,1,8,501,1000,0.4,5,1040,62.2591,1,0,1030,0.0226,20
main/C10/BPPC_1_0_1.txt_0.4,main,C,10,1,120,1500,0.4,1,947,5.3839,6853,0,894,0.0420,20
main/C10/BPPC_1_0_10.txt_0.4,main,C,10,1,120,1500,0.4,10,939,5.4892,5093,0,909,0.0516,20
main/C10/BPPC_1_0_2.txt_0.4,main,C,10,1,120,1500,0.4,2,942,5.1911,6109,0,880,0.0671,20
main/C10/BPPC_1_0_1.txt_0.1,main,C,10,1,120,1500,0.1,1,1808,63.5703,398555,0,1780,0.1054,20
main/C10/BPPC_1_0_3.txt_0.4,main,C,10,1,120,1500,0.4,3,941,5.3214,5629,0,807,0.0396,20
main/C10/BPPC_1_0_3.txt_0.8,main,C,10,1,120,1500,0.8,3,412,3.8915,190,0,373,0.0088,20
main/C10/BPPC_1_0_2.txt_0.1,main,C,10,1,120,1500,0.1,2,1800,73.4925,660854,0,1770,0.1225,20
main/C10/BPPC_1_0_4.txt_0.8,main,C,10,1,120,1500,0.8,4,496,3.8062,173,0,496,0.0098,20
main/C1/BPPC_4_0_4.txt_0.8,main,C,1,4,1000,150,0.8,4,200,600.0107,0,1,190,0.0447,20
main/C10/BPPC_1_0_5.txt_0.8,main,C,10,1,120,1500,0.8,5,418,3.9151,170,0,396,0.0112,20
main/C10/BPPC_1_0_6.txt_0.8,main,C,10,1,120,1500,0.8,6,449,3.9342,174,0,410,0.0175,20
main/C10/BPPC_1_0_3.txt_0.1,main,C,10,1,120,1500,0.1,3,1810,108.3575,719201,0,1799,0.1023,20
main/C10/BPPC_2_0_1.txt_0.4,main,C,10,2,250,1500,0.4,1,1128,50.2031,310015,0,1061,0.1580,20
main/C10/BPPC_2_0_1.txt_0.8,main,C,10,2,250,1500,0.8,1,479,16.0380,963,0,438,0.0181,20
main/C10/BPPC_2_0_10.txt_0.4,main,C,10,2,250,1500,0.4,10,1191,48.3862,251748,0,1024,0.1481,20
main/C10/BPPC_2_0_10.txt_0.8,main,C,10,2,250,1500,0.8,10,545,16.0485,935,0,424,0.0207,20
main/C10/BPPC_1_0_4.txt_0.1,main,C,10,1,120,1500,0.1,4,1790,244.2989,1879514,0,1770,0.0597,20
main/C10/BPPC_2_0_2.txt_0.4,main,C,10,2,250,1500,0.4,2,1208,49.0927,297832,0,1163,0.1457,20
main/C10/BPPC_2_0_2.txt_0.8,main,C,10,2,250,1500,0.8,2,516,15.5219,830,0,516,0.0240,20
main/C10/BPPC_2_0_1.txt_0.1,main,C,10,2,250,1500,0.1,1,1840,600.0001,5537860,1,1829,0.1279,20
main/C10/BPPC_2_0_3.txt_0.4,main,C,10,2,250,1500,0.4,3,1232,44.8681,247306,0,1112,0.1348,20
main/C10/BPPC_2_0_10.txt_0.1,main,C,10,2,250,1500,0.1,10,1850,600.0002,6039240,1,1810,0.1306,20
main/C10/BPPC_2_0_3.txt_0.8,main,C,10,2,250,1500,0.8,3,527,15.6987,833,0,493,0.0296,20
main/C10/BPPC_2_0_2.txt_0.1,main,C,10,2,250,1500,0.1,2,1860,600.0009,4702991,1,1840,0.1615,20
main/C10/BPPC_3_0_1.txt_0.8,main,C,10,3,500,1500,0.8,1,562,72.5423,7191,0,489,0.0606,20
main/C10/BPPC_3_0_10.txt_0.8,main,C,10,3,500,1500,0.8,10,543,73.1430,7809,0,482,0.0706,20
main/C10/BPPC_3_0_2.txt_0.8,main,C,10,3,500,1500,0.8,2,622,73.6259,5635,0,622,0.0732,20
main/C10/BPPC_2_0_3.txt_0.1,main,C,10,2,250,1500,0.1,3,1860,600.0001,4924112,1,1810,0.1396,20
main/C10/BPPC_3_0_3.txt_0.8,main,C,10,3,500,1500,0.8,3,567,73.7827,6839,0,469,0.0589,20
main/C10/BPPC_3_0_10.txt_0.1,main,C,10,3,500,1500,0.1,10,1896,600.0002,4865738,1,1877,0.2389,20
main/C10/BPPC_3_0_2.txt_0.1,main,C,10,3,500,1500,0.1,2,1900,600.0002,4447798,1,1880,0.2754,20
main/C10/BPPC_3_0_3.txt_0.4,main,C,10,3,500,1500,0.4,3,1306,600.0001,3684112,1,1197,0.4022,20
main/C10/BPPC_3_0_4.txt_0.1,main,C,10,3,500,1500,0.1,4,1900,600.0004,4100728,1,1870,0.2556,20
main/C10/BPPC_3_0_4.txt_0.4,main,C,10,3,500,1500,0.4,4,1376,600.0001,3657278,1,1255,0.5317,20
main/C10/BPPC_3_0_5.txt_0.1,main,C,10,3,500,1500,0.1,5,1896,600.0001,4755551,1,1870,0.2517,20
main/C10/BPPC_3_0_5.txt_0.4,main,C,10,3,500,1500,0.4,5,1372,600.0001,3524671,1,1227,0.4264,20
main/C10/BPPC_3_0_6.txt_0.4,main,C,10,3,500,1500,0.4,6,1376,600.0002,3846402,1,1211,0.4856,20
main/C10/BPPC_4_0_1.txt_0.8,main,C,10,4,1000,1500,0.8,1,659,306.3565,53661,0,607,0.2331,20
main/C10/BPPC_4_0_1.txt_0.1,main,C,10,4,1000,1500,0.1,1,1950,600.0006,747678,1,1920,0.4936,20
main/C10/BPPC_4_0_10.txt_0.8,main,C,10,4,1000,1500,0.8,10,665,314.3981,48328,0,601,0.2903,20
main/C10/BPPC_4_0_10.txt_0.1,main,C,10,4,1000,1500,0.1,10,1969,600.0004,662188,1,1930,0.4707,20
main/C10/BPPC_4_0_3.txt_0.8,main,C,10,4,1000,1500,0.8,3,670,329.5574,55131,0,581,0.2756,20
main/C10/BPPC_4_0_2.txt_0.1,main,C,10,4,1000,1500,0.1,2,1950,600.0006,430456,1,1920,0.4672,20
main/C10/BPPC_4_0_2.txt_0.4,main,C,10,4,1000,1500,0.4,2,1312,600.0001,1715720,1,1353,1.7036,20
main/C10/BPPC_4_0_4.txt_0.8,main,C,10,4,1000,1500,0.8,4,662,316.4081,52673,0,570,0.3113,20
main/C10/BPPC_4_0_4.txt_0.1,main,C,10,4,1000,1500,0.1,4,1940,600.0002,779747,1,1920,0.5038,20
main/C10/BPPC_5_0_1.txt_0.1,main,C,10,5,60,10000,0.1,1,8307,12.6662,7511,0,8099,0.0378,20
main/C10/BPPC_5_0_10.txt_0.1,main,C,10,5,60,10000,0.1,10,8230,11.4491,3076,0,8154,0.0385,20
main/C10/BPPC_5_0_10.txt_0.4,main,C,10,5,60,10000,0.4,10,3657,8.4479,267,0,3657,0.0174,20
main/C10/BPPC_5_0_2.txt_0.4,main,C,10,5,60,10000,0.4,2,3458,8.9321,358,0,3458,0.0183,20
main/C10/BPPC_5_0_3.txt_0.4,main,C,10,5,60,10000,0.4,3,3491,9.1391,430,0,3491,0.0157,20
main/C10/BPPC_5_0_3.txt_0.8,main,C,10,5,60,10000,0.8,3,1656,7.1445,26,0,1442,0.0033,20
main/C10/BPPC_5_0_4.txt_0.4,main,C,10,5,60,10000,0.4,4,3350,9.2973,484,0,3350,0.0145,20
main/C10/BPPC_5_0_4.txt_0.8,main,C,10,5,60,10000,0.8,4,1672,6.9004,21,0,1672,0.0042,20
main/C10/BPPC_5_0_5.txt_0.1,main,C,10,5,60,10000,0.1,5,7776,13.3752,4555,0,7660,0.0342,20
main/C10/BPPC_5_0_6.txt_0.1,main,C,10,5,60,10000,0.1,6,8614,11.0922,1518,0,8614,0.0491,20
main/C10/BPPC_5_0_7.txt_0.8,main,C,10,5,60,10000,0.8,7,1550,7.2089,19,0,1550,0.0032,20
main/C10/BPPC_5_0_8.txt_0.8,main,C,10,5,60,10000,0.8,8,1454,7.4240,18,0,1389,0.0049,20
main/C10/BPPC_4_0_4.txt_0.4,main,C,10,4,1000,1500,0.4,4,1335,600.0001,1607032,1,1409,1.3186,20
main/C10/BPPC_6_0_1.txt_0.4,main,C,10,6,120,10000,0.4,1,4528,34.0300,5206,0,4444,0.0454,20
main/C10/BPPC_4_0_5.txt_0.4,main,C,10,4,1000,1500,0.4,5,1285,600.0001,1439820,1,1301,1.6050,20
main/C10/BPPC_6_0_10.txt_0.4,main,C,10,6,120,10000,0.4,10,4439,31.8003,6049,0,4152,0.0776,20
main/C10/BPPC_6_0_10.txt_0.8,main,C,10,6,120,10000,0.8,10,2136,26.0042,66,0,2136,0.0099,20
main/C10/BPPC_4_0_6.txt_0.4,main,C,10,4,1000,1500,0.4,6,1274,600.0001,1544346,1,1372,1.6715,20
main/C10/BPPC_6_0_2.txt_0.4,main,C,10,6,120,10000,0.4,2,4331,32.1099,6724,0,4331,0.0497,20
main/C10/BPPC_6_0_2.txt_0.8,main,C,10,6,120,10000,0.8,2,2048,27.8689,98,0,2048,0.0092,20
main/C10/BPPC_6_0_3.txt_0.4,main,C,10,6,120,10000,0.4,3,4233,33.2190,7930,0,4021,0.0391,20
main/C10/BPPC_6_0_3.txt_0.8,main,C,10,6,120,10000,0.8,3,1853,26.2057,166,0,1703,0.0090,20
main/C10/BPPC_6_0_1.txt_0.1,main,C,10,6,120,10000,0.1,1,10305,600.0002,2485685,1,10285,0.2634,20
main/C10/BPPC_6_0_4.txt_0.8,main,C,10,6,120,10000,0.8,4,1862,26.8271,129,0,1862,0.0113,20
main/C10/BPPC_6_0_10.txt_0.1,main,C,10,6,120,10000,0.1,10,10310,600.0001,2736033,1,10288,0.2079,20
main/C10/BPPC_7_0_1.txt_0.8,main,C,10,7,249,10000,0.8,1,2295,118.4841,1000,0,2185,0.0269,20
main/C10/BPPC_7_0_1.txt_0.4,main,C,10,7,249,10000,0.4,1,5485,162.0125,304965,0,4889,0.1530,20
main/C10/BPPC_7_0_10.txt_0.8,main,C,10,7,249,10000,0.8,10,2328,112.0315,930,0,2160,0.0290,20
main/C10/BPPC_6_0_2.txt_0.1,main,C,10,6,120,10000,0.1,2,10310,600.0000,2337009,1,10295,0.2082,20
main/C10/BPPC_6_0_4.txt_0.1,main,C,10,6,120,10000,0.1,4,10300,600.0001,2156550,1,10270,0.2505,20
main/C10/BPPC_7_0_3.txt_0.4,main,C,10,7,249,10000,0.4,3,5405,153.7288,257535,0,4716,0.1472,20
main/C10/BPPC_7_0_3.txt_0.8,main,C,10,7,249,10000,0.8,3,2229,113.2194,1010,0,2229,0.0297,20
main/C10/BPPC_7_0_10.txt_0.1,main,C,10,7,249,10000,0.1,10,10350,600.0001,4122368,1,10339,0.2772,20
main/C10/BPPC_7_0_2.txt_0.1,main,C,10,7,249,10000,0.1,2,10350,600.0002,3639569,1,10310,0.4260,20
main/C10/BPPC_7_0_3.txt_0.1,main,C,10,7,249,10000,0.1,3,10350,600.0011,4224716,1,10328,0.3032,20
main/C10/BPPC_7_0_4.txt_0.4,main,C,10,7,249,10000,0.4,4,5378,167.0376,354689,0,5378,0.1458,20
main/C10/BPPC_7_0_4.txt_0.8,main,C,10,7,249,10000,0.8,4,2434,111.6626,904,0,2023,0.0270,20
main/C10/BPPC_7_0_5.txt_0.4,main,C,10,7,249,10000,0.4,5,5608,162.8751,309678,0,5523,0.2586,20
main/C10/BPPC_7_0_4.txt_0.1,main,C,10,7,249,10000,0.1,4,10340,600.0001,4228698,1,10330,0.3070,20
main/C10/BPPC_8_0_1.txt_0.8,main,C,10,8,501,10000,0.8,1,2664,495.0920,6172,0,2330,0.0614,20
main/C10/BPPC_8_0_1.txt_0.4,main,C,10,8,501,10000,0.4,1,5667,600.0001,190767,1,5765,0.5245,20
main/C10/BPPC_8_0_1.txt_0.1,main,C,10,8,501,10000,0.1,1,10353,682.9424,0,1,10360,0.4388,20
main/C10/BPPC_8_0_10.txt_0.1,main,C,10,8,501,10000,0.1,10,10115,695.1484,0,1,10360,0.4957,20
main/C10/BPPC_8_0_10.txt_0.8,main,C,10,8,501,10000,0.8,10,2567,491.2388,6789,0,2403,0.0941,20
main/C10/BPPC_8_0_10.txt_0.4,main,C,10,8,501,10000,0.4,10,5856,600.0001,174697,1,5342,0.4646,20
main/C10/BPPC_8_0_2.txt_0.1,main,C,10,8,501,10000,0.1,2,9973,690.8749,0,1,10350,0.4792,20
main/C10/BPPC_8_0_2.txt_0.8,main,C,10,8,501,10000,0.8,2,2658,487.7850,6098,0,2259,0.0784,20
main/C10/BPPC_8_0_2.txt_0.4,main,C,10,8,501,10000,0.4,2,6003,600.0001,240351,1,5575,0.4600,20
main/C3/BPPC_1_0_1.txt_0.1,main,C,3,1,120,450,0.1,1,600,5.4037,275,0,600,0.0173,20
main/C3/BPPC_1_0_1.txt_0.4,main,C,3,1,120,450,0.4,1,559,1.5409,5691,0,530,0.0126,20
main/C3/BPPC_1_0_10.txt_0.4,main,C,3,1,120,450,0.4,10,556,1.5689,5144,0,540,0.0137,20
main/C3/BPPC_1_0_2.txt_0.1,main,C,3,1,120,450,0.1,2,600,1.6038,1,0,590,0.0088,20
main/C3/BPPC_1_0_2.txt_0.4,main,C,3,1,120,450,0.4,2,550,1.4445,3866,0,538,0.0143,20
main/C3/BPPC_1_0_3.txt_0.1,main,C,3,1,120,450,0.1,3,610,6.6541,3166,0,600,0.0111,20
main/C3/BPPC_1_0_3.txt_0.4,main,C,3,1,120,450,0.4,3,558,1.7151,5762,0,549,0.0304,20
main/C3/BPPC_1_0_3.txt_0.8,main,C,3,1,120,450,0.8,3,412,1.1708,190,0,373,0.0087,20
main/C3/BPPC_1_0_4.txt_0.1,main,C,3,1,120,450,0.1,4,600,4.1075,1310,0,600,0.0094,20
main/C3/BPPC_1_0_4.txt_0.8,main,C,3,1,120,450,0.8,4,496,1.1420,173,0,496,0.0102,20
main/C3/BPPC_1_0_5.txt_0.8,main,C,3,1,120,450,0.8,5,418,1.2958,170,0,396,0.0094,20
main/C3/BPPC_1_0_6.txt_0.8,main,C,3,1,120,450,0.8,6,449,1.0475,174,0,410,0.0080,20
main/C3/BPPC_2_0_1.txt_0.1,main,C,3,2,250,450,0.1,1,620,81.6761,3709,0,610,0.0203,20
main/C3/BPPC_2_0_1.txt_0.8,main,C,3,2,250,450,0.8,1,479,5.0342,963,0,438,0.0168,20
main/C3/BPPC_2_0_10.txt_0.1,main,C,3,2,250,450,0.1,10,630,7.6290,1,0,620,0.0196,20
main/C3/BPPC_2_0_10.txt_0.4,main,C,3,2,250,450,0.4,10,570,9.3440,67686,0,559,0.0325,20
main/C3/BPPC_2_0_10.txt_0.8,main,C,3,2,250,450,0.8,10,490,5.0902,1083,0,424,0.0206,20
main/C10/BPPC_8_0_3.txt_0.8,main,C,10,8,501,10000,0.8,3,2495,489.6013,8098,0,2427,0.0923,20
main/C3/BPPC_2_0_2.txt_0.4,main,C,3,2,250,450,0.4,2,570,9.0490,84632,0,549,0.0543,20
main/C3/BPPC_2_0_2.txt_0.8,main,C,3,2,250,450,0.8,2,481,4.9479,1048,0,475,0.0257,20
main/C3/BPPC_2_0_2.txt_0.1,main,C,3,2,250,450,0.1,2,620,40.7760,26364,0,620,0.0209,20
main/C3/BPPC_2_0_3.txt_0.4,main,C,3,2,250,450,0.4,3,560,10.4811,131218,0,540,0.0278,20
main/C3/BPPC_2_0_3.txt_0.8,main,C,3,2,250,450,0.8,3,507,5.2691,951,0,493,0.0305,20
main/C3/BPPC_2_0_5.txt_0.4,main,C,3,2,250,450,0.4,5,570,8.2715,47579,0,539,0.0250,20
main/C3/BPPC_2_0_3.txt_0.1,main,C,3,2,250,450,0.1,3,630,31.1478,370,0,630,0.0186,20
main/C3/BPPC_3_0_1.txt_0.8,main,C,3,3,500,450,0.8,1,510,24.5202,7966,0,489,0.0614,20
main/C10/BPPC_8_0_3.txt_0.1,main,C,10,8,501,10000,0.1,3,10125,706.5544,0,1,10360,0.4338,20
main/C3/BPPC_3_0_10.txt_0.8,main,C,3,3,500,450,0.8,10,510,25.4520,8388,0,482,0.0676,20
main/C3/BPPC_3_0_2.txt_0.8,main,C,3,3,500,450,0.8,2,510,25.2791,8372,0,504,0.0693,20
main/C3/BPPC_3_0_3.txt_0.4,main,C,3,3,500,450,0.4,3,580,60.6046,726218,0,555,0.0685,20
main/C3/BPPC_3_0_3.txt_0.8,main,C,3,3,500,450,0.8,3,509,24.9569,8215,0,469,0.0638,20
main/C3/BPPC_3_0_10.txt_0.1,main,C,3,3,500,450,0.1,10,640,255.1378,2100,0,640,0.0507,20
main/C3/BPPC_3_0_4.txt_0.4,main,C,3,3,500,450,0.4,4,580,70.9037,876376,0,559,0.0533,20
main/C10/BPPC_8_0_4.txt_0.4,main,C,10,8,501,10000,0.4,4,5725,600.0001,98869,1,5329,0.4080,20
main/C3/BPPC_3_0_5.txt_0.1,main,C,3,3,500,450,0.1,5,640,41.4607,1,0,630,0.0451,20
main/C3/BPPC_3_0_5.txt_0.4,main,C,3,3,500,450,0.4,5,580,62.0964,532586,0,568,0.0660,20
main/C3/BPPC_3_0_6.txt_0.4,main,C,3,3,500,450,0.4,6,580,61.1784,681049,0,570,0.0691,20
main/C3/BPPC_3_0_4.txt_0.1,main,C,3,3,500,450,0.1,4,650,378.1684,347,0,640,0.0536,20
main/C3/BPPC_4_0_1.txt_0.8,main,C,3,4,1000,450,0.8,1,520,124.0540,80667,0,497,0.1921,20
main/C3/BPPC_4_0_1.txt_0.1,main,C,3,4,1000,450,0.1,1,660,181.3593,1,0,650,0.0982,20
main/C3/BPPC_3_0_2.txt_0.1,main,C,3,3,500,450,0.1,2,640,571.1185,733038,0,640,0.0509,20
main/C3/BPPC_4_0_10.txt_0.8,main,C,3,4,1000,450,0.8,10,520,117.8470,81281,0,504,0.3101,20
main/C3/BPPC_4_0_10.txt_0.1,main,C,3,4,1000,450,0.1,10,660,176.0672,1,0,650,0.0995,20
main/C3/BPPC_4_0_2.txt_0.1,main,C,3,4,1000,450,0.1,2,660,177.8781,1,0,650,0.0987,20
main/C3/BPPC_4_0_3.txt_0.8,main,C,3,4,1000,450,0.8,3,520,118.6971,81034,0,501,0.3265,20
main/C3/BPPC_4_0_3.txt_0.4,main,C,3,4,1000,450,0.4,3,599,435.5834,3708144,0,561,0.1097,20
main/C3/BPPC_4_0_2.txt_0.4,main,C,3,4,1000,450,0.4,2,599,600.0002,10368945,1,560,0.1340,20
main/C3/BPPC_4_0_4.txt_0.8,main,C,3,4,1000,450,0.8,4,520,119.4886,82784,0,509,0.2862,20
main/C3/BPPC_5_0_1.txt_0.1,main,C,3,5,60,3000,0.1,1,3110,4.0987,316,0,3110,0.0072,20
main/C3/BPPC_5_0_10.txt_0.1,main,C,3,5,60,3000,0.1,10,3110,3.7352,285,0,3110,0.0101,20
main/C3/BPPC_5_0_10.txt_0.4,main,C,3,5,60,3000,0.4,10,3083,2.4773,825,0,3080,0.0139,20
main/C3/BPPC_5_0_2.txt_0.4,main,C,3,5,60,3000,0.4,2,3080,2.9629,754,0,3079,0.0142,20
main/C3/BPPC_5_0_2.txt_0.8,main,C,3,5,60,3000,0.8,2,1524,2.1624,30,0,1454,0.0070,20
main/C3/BPPC_5_0_3.txt_0.4,main,C,3,5,60,3000,0.4,3,3088,2.7542,599,0,3088,0.0168,20
main/C3/BPPC_5_0_3.txt_0.8,main,C,3,5,60,3000,0.8,3,1656,2.0743,26,0,1442,0.0032,20
main/C3/BPPC_5_0_4.txt_0.4,main,C,3,5,60,3000,0.4,4,3072,2.6384,850,0,3072,0.0153,20
main/C3/BPPC_5_0_4.txt_0.8,main,C,3,5,60,3000,0.8,4,1672,2.0576,21,0,1672,0.0044,20
main/C3/BPPC_5_0_5.txt_0.1,main,C,3,5,60,3000,0.1,5,3110,3.5371,305,0,3110,0.0098,20
main/C3/BPPC_5_0_6.txt_0.1,main,C,3,5,60,3000,0.1,6,3110,3.4005,238,0,3110,0.0109,20
main/C3/BPPC_5_0_7.txt_0.8,main,C,3,5,60,3000,0.8,7,1550,2.1090,19,0,1550,0.0038,20
main/C3/BPPC_6_0_1.txt_0.1,main,C,3,6,120,3000,0.1,1,3110,13.5787,663,0,3110,0.0199,20
main/C3/BPPC_6_0_1.txt_0.4,main,C,3,6,120,3000,0.4,1,3100,10.4393,9673,0,3089,0.0249,20
main/C3/BPPC_6_0_10.txt_0.1,main,C,3,6,120,3000,0.1,10,3110,12.5461,1,0,3110,0.0239,20
main/C3/BPPC_6_0_10.txt_0.4,main,C,3,6,120,3000,0.4,10,3100,11.1263,5380,0,3100,0.0302,20
main/C3/BPPC_6_0_10.txt_0.8,main,C,3,6,120,3000,0.8,10,2136,8.6049,66,0,2136,0.0182,20
main/C3/BPPC_6_0_2.txt_0.1,main,C,3,6,120,3000,0.1,2,3110,12.1373,980,0,3110,0.0233,20
main/C3/BPPC_6_0_2.txt_0.4,main,C,3,6,120,3000,0.4,2,3100,10.6364,10279,0,3087,0.0277,20
main/C3/BPPC_4_0_4.txt_0.1,main,C,3,4,1000,450,0.1,4,650,600.0207,0,1,650,0.0855,20
main/C3/BPPC_6_0_2.txt_0.8,main,C,3,6,120,3000,0.8,2,2048,8.3556,98,0,2048,0.0100,20
main/C3/BPPC_6_0_3.txt_0.4,main,C,3,6,120,3000,0.4,3,3100,10.2987,8681,0,3080,0.0274,20
main/C3/BPPC_6_0_3.txt_0.8,main,C,3,6,120,3000,0.8,3,1853,7.9465,166,0,1703,0.0113,20
main/C3/BPPC_6_0_4.txt_0.8,main,C,3,6,120,3000,0.8,4,1862,8.1704,129,0,1862,0.0112,20
main/C3/BPPC_6_0_4.txt_0.1,main,C,3,6,120,3000,0.1,4,3110,13.5039,722,0,3109,0.0286,20
main/C3/BPPC_7_0_1.txt_0.8,main,C,3,7,249,3000,0.8,1,2295,33.2705,1000,0,2185,0.0279,20
main/C3/BPPC_7_0_1.txt_0.4,main,C,3,7,249,3000,0.4,1,3110,39.6573,19734,0,3099,0.0432,20
main/C3/BPPC_4_0_4.txt_0.4,main,C,3,4,1000,450,0.4,4,590,600.0001,8973737,1,570,0.1419,20
main/C3/BPPC_7_0_10.txt_0.8,main,C,3,7,249,3000,0.8,10,2328,31.2673,930,0,2160,0.0263,20
main/C3/BPPC_7_0_10.txt_0.1,main,C,3,7,249,3000,0.1,10,3110,55.5501,1626,0,3110,0.0336,20
main/C3/BPPC_7_0_3.txt_0.1,main,C,3,7,249,3000,0.1,3,3110,47.6424,1,0,3110,0.0283,20
main/C3/BPPC_7_0_2.txt_0.1,main,C,3,7,249,3000,0.1,2,3110,57.3041,1714,0,3110,0.0280,20
main/C3/BPPC_7_0_3.txt_0.4,main,C,3,7,249,3000,0.4,3,3110,39.2778,6502,0,3099,0.0583,20
main/C3/BPPC_7_0_3.txt_0.8,main,C,3,7,249,3000,0.8,3,2229,32.0203,1010,0,2229,0.0247,20
main/C3/BPPC_7_0_4.txt_0.4,main,C,3,7,249,3000,0.4,4,3110,40.4032,36887,0,3098,0.0472,20
main/C3/BPPC_7_0_4.txt_0.1,main,C,3,7,249,3000,0.1,4,3110,60.5210,1600,0,3110,0.0289,20
main/C3/BPPC_7_0_4.txt_0.8,main,C,3,7,249,3000,0.8,4,2434,33.2835,904,0,2023,0.0266,20
main/C3/BPPC_7_0_5.txt_0.4,main,C,3,7,249,3000,0.4,5,3110,45.9868,5414,0,3100,0.0518,20
main/C3/BPPC_8_0_1.txt_0.8,main,C,3,8,501,3000,0.8,1,2664,141.8218,6172,0,2330,0.0638,20
main/C3/BPPC_8_0_1.txt_0.1,main,C,3,8,501,3000,0.1,1,3110,209.8511,1,0,3110,0.0704,20
main/C3/BPPC_8_0_1.txt_0.4,main,C,3,8,501,3000,0.4,1,3110,259.2259,1902,0,3100,0.1006,20
main/C3/BPPC_4_0_5.txt_0.4,main,C,3,4,1000,450,0.4,5,600,600.0001,7725218,1,569,0.1425,20
main/C3/BPPC_8_0_10.txt_0.1,main,C,3,8,501,3000,0.1,10,3110,216.4466,1,0,3110,0.0688,20
main/C3/BPPC_8_0_10.txt_0.8,main,C,3,8,501,3000,0.8,10,2567,148.3360,6789,0,2403,0.0981,20
main/C3/BPPC_8_0_10.txt_0.4,main,C,3,8,501,3000,0.4,10,3110,213.9957,1174,0,3099,0.1244,20
main/C3/BPPC_8_0_2.txt_0.1,main,C,3,8,501,3000,0.1,2,3110,211.6579,1,0,3110,0.0802,20
main/C3/BPPC_8_0_2.txt_0.8,main,C,3,8,501,3000,0.8,2,2658,149.7304,6098,0,2259,0.1337,20
main/C3/BPPC_8_0_3.txt_0.8,main,C,3,8,501,3000,0.8,3,2495,148.9657,8098,0,2427,0.0824,20
main/R1/BPPC_1_0_1.txt_0.1,main,R,1,1,120,150,0.1,1,402,0.7615,1,0,402,0.0069,20
main/R1/BPPC_1_0_1.txt_0.4,main,R,1,1,120,150,0.4,1,424,0.5198,1,0,424,0.0073,20
main/R1/BPPC_1_0_1.txt_0.8,main,R,1,1,120,150,0.8,1,280,0.3900,1,0,280,0.0054,20
main/R1/BPPC_1_0_10.txt_0.4,main,R,1,1,120,150,0.4,10,438,0.6122,1,0,427,0.0073,20
main/R1/BPPC_1_0_2.txt_0.1,main,R,1,1,120,150,0.1,2,461,0.8237,1,0,461,0.0072,20
main/R1/BPPC_1_0_2.txt_0.4,main,R,1,1,120,150,0.4,2,450,0.4661,1,0,450,0.0069,20
main/R1/BPPC_1_0_3.txt_0.1,main,R,1,1,120,150,0.1,3,484,0.7804,1,0,484,0.0070,20
main/R1/BPPC_1_0_3.txt_0.4,main,R,1,1,120,150,0.4,3,434,0.5544,1,0,401,0.0091,20
main/R1/BPPC_1_0_3.txt_0.8,main,R,1,1,120,150,0.8,3,299,0.5491,1,0,291,0.0065,20
main/R1/BPPC_1_0_4.txt_0.1,main,R,1,1,120,150,0.1,4,454,0.5832,1,0,454,0.0077,20
main/R1/BPPC_1_0_4.txt_0.8,main,R,1,1,120,150,0.8,4,277,0.3673,1,0,265,0.0049,20
main/R1/BPPC_1_0_6.txt_0.8,main,R,1,1,120,150,0.8,6,281,0.4778,1,0,281,0.0054,20
main/R1/BPPC_2_0_1.txt_0.1,main,R,1,2,250,150,0.1,1,492,9.5807,45,0,492,0.0180,20
main/R1/BPPC_2_0_1.txt_0.8,main,R,1,2,250,150,0.8,1,396,1.6535,1,0,396,0.0110,20
main/R1/BPPC_2_0_10.txt_0.1,main,R,1,2,250,150,0.1,10,570,3.8614,1,0,570,0.0417,20
main/R1/BPPC_2_0_10.txt_0.4,main,R,1,2,250,150,0.4,10,442,10.9430,120,0,439,0.0199,20
main/R1/BPPC_2_0_10.txt_0.8,main,R,1,2,250,150,0.8,10,348,2.0799,1,0,348,0.0118,20
main/R1/BPPC_2_0_2.txt_0.1,main,R,1,2,250,150,0.1,2,528,2.8741,1,0,528,0.0150,20
main/R1/BPPC_2_0_2.txt_0.4,main,R,1,2,250,150,0.4,2,453,8.3844,29,0,453,0.0144,20
main/R1/BPPC_2_0_2.txt_0.8,main,R,1,2,250,150,0.8,2,341,2.3070,1,0,317,0.0135,20
main/R1/BPPC_2_0_3.txt_0.1,main,R,1,2,250,150,0.1,3,599,4.1261,1,0,599,0.0169,20
main/R1/BPPC_2_0_3.txt_0.4,main,R,1,2,250,150,0.4,3,454,2.8026,13,0,448,0.0177,20
main/R1/BPPC_2_0_3.txt_0.8,main,R,1,2,250,150,0.8,3,329,3.5146,1,0,319,0.0125,20
main/R1/BPPC_2_0_5.txt_0.4,main,R,1,2,250,150,0.4,5,486,4.0444,1,0,486,0.0176,20
main/C3/BPPC_8_0_4.txt_0.1,main,C,3,8,501,3000,0.1,4,3110,220.8895,1,0,3110,0.0687,20
main/C3/BPPC_8_0_4.txt_0.4,main,C,3,8,501,3000,0.4,4,3110,172.6245,1,0,3100,0.1017,20
main/R1/BPPC_3_0_10.txt_0.8,main,R,1,3,500,150,0.8,10,372,45.0439,18,0,367,0.0337,20
main/R1/BPPC_3_0_1.txt_0.8,main,R,1,3,500,150,0.8,1,371,76.5859,91,0,346,0.0459,20
main/R1/BPPC_3_0_2.txt_0.1,main,R,1,3,500,150,0.1,2,572,15.9348,1,0,572,0.0427,20
main/C3/BPPC_8_0_6.txt_0.4,main,C,3,8,501,3000,0.4,6,3110,183.6515,1,0,3110,0.1224,20
main/R1/BPPC_3_0_10.txt_0.1,main,R,1,3,500,150,0.1,10,574,92.9513,72,0,572,0.0446,20
main/R1/BPPC_3_0_3.txt_0.8,main,R,1,3,500,150,0.8,3,380,39.9477,9,0,366,0.0302,20
main/R1/BPPC_3_0_4.txt_0.1,main,R,1,3,500,150,0.1,4,623,20.6201,1,0,623,0.0424,20
main/R1/BPPC_3_0_4.txt_0.4,main,R,1,3,500,150,0.4,4,506,15.6100,19,0,506,0.0393,20
main/R1/BPPC_3_0_3.txt_0.4,main,R,1,3,500,150,0.4,3,510,63.7066,34,0,467,0.0415,20
main/R1/BPPC_3_0_5.txt_0.1,main,R,1,3,500,150,0.1,5,533,22.2200,1,0,533,0.0509,20
main/R1/BPPC_3_0_4.txt_0.8,main,R,1,3,500,150,0.8,4,388,25.7018,1,0,374,0.0318,20
main/R1/BPPC_3_0_6.txt_0.4,main,R,1,3,500,150,0.4,6,540,22.4226,16,0,540,0.0404,20
main/R1/BPPC_3_0_5.txt_0.4,main,R,1,3,500,150,0.4,5,518,56.6201,28,0,497,0.0378,20
main/R1/BPPC_4_0_1.txt_0.1,main,R,1,4,1000,150,0.1,1,657,115.0822,1,0,657,0.1023,20
main/R1/BPPC_4_0_2.txt_0.1,main,R,1,4,1000,150,0.1,2,599,121.9377,1,0,576,0.1008,20
main/R1/BPPC_4_0_10.txt_0.1,main,R,1,4,1000,150,0.1,10,669,269.2263,24,0,669,0.1154,20
main/R1/BPPC_4_0_1.txt_0.8,main,R,1,4,1000,150,0.8,1,429,600.0039,0,1,406,0.0745,20
main/R1/BPPC_4_0_10.txt_0.8,main,R,1,4,1000,150,0.8,10,422,600.0071,0,1,411,0.0798,20
main/R1/BPPC_4_0_4.txt_0.1,main,R,1,4,1000,150,0.1,4,624,118.3551,1,0,578,0.0878,20
main/R1/BPPC_4_0_4.txt_0.8,main,R,1,4,1000,150,0.8,4,463,51.6009,1,0,387,0.0863,20
main/R1/BPPC_4_0_2.txt_0.4,main,R,1,4,1000,150,0.4,2,580,600.0043,0,1,576,0.1023,20
main/R1/BPPC_4_0_3.txt_0.8,main,R,1,4,1000,150,0.8,3,412,600.0019,0,1,391,0.0684,20
main/R1/BPPC_5_0_1.txt_0.1,main,R,1,5,60,1000,0.1,1,294,0.9625,1,0,294,0.0040,20
main/R1/BPPC_5_0_10.txt_0.1,main,R,1,5,60,1000,0.1,10,293,1.0459,16,0,293,0.0044,20
main/R1/BPPC_5_0_10.txt_0.4,main,R,1,5,60,1000,0.4,10,284,0.7735,1,0,284,0.0044,20
main/R1/BPPC_5_0_3.txt_0.4,main,R,1,5,60,1000,0.4,3,282,0.8293,1,0,282,0.0045,20
main/R1/BPPC_5_0_3.txt_0.8,main,R,1,5,60,1000,0.8,3,236,0.5617,1,0,236,0.0025,20
main/R1/BPPC_5_0_4.txt_0.4,main,R,1,5,60,1000,0.4,4,283,0.7146,1,0,283,0.0044,20
main/R1/BPPC_5_0_4.txt_0.8,main,R,1,5,60,1000,0.8,4,255,0.5545,1,0,255,0.0026,20
main/R1/BPPC_5_0_5.txt_0.1,main,R,1,5,60,1000,0.1,5,296,0.9780,5,0,296,0.0040,20
main/R1/BPPC_5_0_5.txt_0.4,main,R,1,5,60,1000,0.4,5,269,0.7294,1,0,269,0.0035,20
main/R1/BPPC_5_0_6.txt_0.1,main,R,1,5,60,1000,0.1,6,291,0.9695,1,0,291,0.0036,20
main/R1/BPPC_5_0_7.txt_0.8,main,R,1,5,60,1000,0.8,7,259,0.5607,1,0,259,0.0031,20
main/R1/BPPC_5_0_8.txt_0.8,main,R,1,5,60,1000,0.8,8,261,0.5772,1,0,261,0.0027,20
main/R1/BPPC_6_0_1.txt_0.1,main,R,1,6,120,1000,0.1,1,300,3.6012,1,0,300,0.0074,20
main/R1/BPPC_6_0_1.txt_0.4,main,R,1,6,120,1000,0.4,1,294,2.6778,1,0,294,0.0077,20
main/R1/BPPC_6_0_10.txt_0.1,main,R,1,6,120,1000,0.1,10,317,3.9236,5,0,298,0.0079,20
main/R1/BPPC_6_0_10.txt_0.4,main,R,1,6,120,1000,0.4,10,290,2.7664,1,0,290,0.0079,20
main/R1/BPPC_6_0_10.txt_0.8,main,R,1,6,120,1000,0.8,10,286,2.0666,1,0,270,0.0063,20
main/R1/BPPC_6_0_2.txt_0.1,main,R,1,6,120,1000,0.1,2,299,4.3852,11,0,299,0.0079,20
main/R1/BPPC_6_0_2.txt_0.4,main,R,1,6,120,1000,0.4,2,291,3.4068,13,0,291,0.0081,20
main/R1/BPPC_6_0_2.txt_0.8,main,R,1,6,120,1000,0.8,2,272,2.0640,1,0,272,0.0064,20
main/R1/BPPC_6_0_3.txt_0.4,main,R,1,6,120,1000,0.4,3,298,2.8174,1,0,298,0.0078,20
main/R1/BPPC_6_0_3.txt_0.8,main,R,1,6,120,1000,0.8,3,292,2.0285,1,0,292,0.0073,20
main/R1/BPPC_6_0_4.txt_0.1,main,R,1,6,120,1000,0.1,4,299,3.4752,1,0,299,0.0074,20
main/R1/BPPC_6_0_4.txt_0.8,main,R,1,6,120,1000,0.8,4,275,2.0642,1,0,275,0.0053,20
main/R1/BPPC_7_0_1.txt_0.8,main,R,1,7,249,1000,0.8,1,289,9.5814,1,0,289,0.0138,20
main/R1/BPPC_7_0_10.txt_0.1,main,R,1,7,249,1000,0.1,10,298,15.6082,1,0,298,0.0154,20
main/R1/BPPC_7_0_10.txt_0.8,main,R,1,7,249,1000,0.8,10,294,9.0312,1,0,294,0.0186,20
main/R1/BPPC_7_0_2.txt_0.1,main,R,1,7,249,1000,0.1,2,365,19.4985,12,0,298,0.0170,20
main/R1/BPPC_7_0_3.txt_0.1,main,R,1,7,249,1000,0.1,3,311,28.8237,74,0,300,0.0177,20
main/R1/BPPC_7_0_3.txt_0.4,main,R,1,7,249,1000,0.4,3,290,15.8589,21,0,290,0.0170,20
main/R1/BPPC_7_0_3.txt_0.8,main,R,1,7,249,1000,0.8,3,290,10.5153,1,0,290,0.0146,20
main/R1/BPPC_7_0_4.txt_0.1,main,R,1,7,249,1000,0.1,4,299,16.1561,1,0,299,0.0170,20
main/R1/BPPC_7_0_4.txt_0.4,main,R,1,7,249,1000,0.4,4,296,18.8576,80,0,296,0.0160,20
main/R1/BPPC_7_0_4.txt_0.8,main,R,1,7,249,1000,0.8,4,295,9.9536,1,0,295,0.0206,20
main/R1/BPPC_7_0_5.txt_0.4,main,R,1,7,249,1000,0.4,5,315,16.0766,25,0,299,0.0181,20
main/R1/BPPC_7_0_7.txt_0.4,main,R,1,7,249,1000,0.4,7,297,15.9151,23,0,297,0.0166,20
main/R1/BPPC_4_0_4.txt_0.4,main,R,1,4,1000,150,0.4,4,558,507.9718,89,0,544,0.0949,20
main/R1/BPPC_8_0_1.txt_0.4,main,R,1,8,501,1000,0.4,1,313,60.0583,1,0,300,0.0384,20
main/R1/BPPC_8_0_1.txt_0.1,main,R,1,8,501,1000,0.1,1,323,95.0264,14,0,300,0.0407,20
main/R1/BPPC_8_0_1.txt_0.8,main,R,1,8,501,1000,0.8,1,295,51.9639,1,0,295,0.0413,20
main/R1/BPPC_8_0_10.txt_0.1,main,R,1,8,501,1000,0.1,10,299,131.9679,61,0,299,0.0396,20
main/R1/BPPC_8_0_10.txt_0.4,main,R,1,8,501,1000,0.4,10,299,102.0683,76,0,299,0.0377,20
main/R1/BPPC_4_0_5.txt_0.4,main,R,1,4,1000,150,0.4,5,567,600.0026,0,1,543,0.0867,20
main/R1/BPPC_8_0_10.txt_0.8,main,R,1,8,501,1000,0.8,10,299,43.4628,1,0,299,0.0439,20
main/R1/BPPC_8_0_2.txt_0.8,main,R,1,8,501,1000,0.8,2,297,54.2511,1,0,297,0.0471,20
main/R1/BPPC_8_0_2.txt_0.1,main,R,1,8,501,1000,0.1,2,298,71.3327,1,0,298,0.0340,20
main/R1/BPPC_4_0_6.txt_0.4,main,R,1,4,1000,150,0.4,6,573,600.0002,0,1,573,0.0844,20
main/R1/BPPC_8_0_3.txt_0.8,main,R,1,8,501,1000,0.8,3,292,62.2973,1,0,292,0.0523,20
main/R10/BPPC_1_0_1.txt_0.1,main,R,10,1,120,1500,0.1,1,1902,7.3609,4147,0,1792,0.1671,20
main/R10/BPPC_1_0_1.txt_0.4,main,R,10,1,120,1500,0.4,1,871,4.6119,1929,0,871,0.0365,20
main/R10/BPPC_1_0_10.txt_0.4,main,R,10,1,120,1500,0.4,10,836,4.8808,2400,0,774,0.0341,20
main/R10/BPPC_1_0_2.txt_0.1,main,R,10,1,120,1500,0.1,2,1956,13.1258,34031,0,1956,0.2232,20
main/R10/BPPC_1_0_2.txt_0.4,main,R,10,1,120,1500,0.4,2,754,4.8651,2702,0,754,0.0320,20
main/R10/BPPC_1_0_3.txt_0.1,main,R,10,1,120,1500,0.1,3,2035,18.2150,51934,0,1971,0.2309,20
main/R10/BPPC_1_0_3.txt_0.4,main,R,10,1,120,1500,0.4,3,776,5.1702,2651,0,772,0.0416,20
main/R10/BPPC_1_0_3.txt_0.8,main,R,10,1,120,1500,0.8,3,385,3.8113,1,0,338,0.0074,20
main/R10/BPPC_1_0_4.txt_0.1,main,R,10,1,120,1500,0.1,4,1992,11.4154,25043,0,1930,0.1769,20
main/R1/BPPC_8_0_4.txt_0.4,main,R,1,8,501,1000,0.4,4,300,95.5162,41,0,300,0.0458,20
main/R10/BPPC_1_0_4.txt_0.8,main,R,10,1,120,1500,0.8,4,365,3.8351,1,0,346,0.0086,20
main/R10/BPPC_1_0_5.txt_0.8,main,R,10,1,120,1500,0.8,5,432,3.6389,1,0,432,0.0097,20
main/R10/BPPC_1_0_6.txt_0.8,main,R,10,1,120,1500,0.8,6,368,3.8769,1,0,368,0.0076,20
main/R1/BPPC_8_0_5.txt_0.4,main,R,1,8,501,1000,0.4,5,299,95.8328,49,0,299,0.0402,20
main/R10/BPPC_2_0_1.txt_0.8,main,R,10,2,250,1500,0.8,1,450,19.3718,544,0,450,0.0218,20
main/R1/BPPC_8_0_4.txt_0.1,main,R,1,8,501,1000,0.1,4,299,125.5307,29,0,299,0.0433,20
main/R10/BPPC_2_0_10.txt_0.8,main,R,10,2,250,1500,0.8,10,425,17.8279,589,0,422,0.0253,20
main/R10/BPPC_2_0_10.txt_0.4,main,R,10,2,250,1500,0.4,10,1063,29.8596,93931,0,904,0.1361,20
main/R10/BPPC_2_0_2.txt_0.4,main,R,10,2,250,1500,0.4,2,993,27.5353,64852,0,887,0.1473,20
main/R10/BPPC_2_0_2.txt_0.8,main,R,10,2,250,1500,0.8,2,440,21.0939,518,0,388,0.0240,20
main/R10/BPPC_2_0_2.txt_0.1,main,R,10,2,250,1500,0.1,2,2509,95.7272,267092,0,2361,1.1168,20
main/R10/BPPC_2_0_1.txt_0.1,main,R,10,2,250,1500,0.1,1,2503,145.0554,481294,0,2426,1.1864,20
main/R10/BPPC_2_0_3.txt_0.8,main,R,10,2,250,1500,0.8,3,420,16.2810,704,0,415,0.0202,20
main/R10/BPPC_2_0_3.txt_0.4,main,R,10,2,250,1500,0.4,3,1045,29.2848,94270,0,865,0.1096,20
main/R10/BPPC_2_0_5.txt_0.4,main,R,10,2,250,1500,0.4,5,1019,29.3416,80919,0,905,0.1502,20
main/R10/BPPC_3_0_1.txt_0.8,main,R,10,3,500,1500,0.8,1,506,73.6089,4827,0,439,0.0629,20
main/R10/BPPC_2_0_3.txt_0.1,main,R,10,2,250,1500,0.1,3,2383,160.5980,630646,0,2300,1.0470,20
main/R10/BPPC_2_0_10.txt_0.1,main,R,10,2,250,1500,0.1,10,2618,281.7461,1109383,0,2450,1.2110,20
main/R10/BPPC_3_0_10.txt_0.8,main,R,10,3,500,1500,0.8,10,486,73.7710,5262,0,452,0.0656,20
main/R10/BPPC_3_0_2.txt_0.8,main,R,10,3,500,1500,0.8,2,496,73.0832,5098,0,441,0.0654,20
main/R10/BPPC_3_0_3.txt_0.8,main,R,10,3,500,1500,0.8,3,518,72.2351,4451,0,517,0.0643,20
main/R10/BPPC_3_0_10.txt_0.1,main,R,10,3,500,1500,0.1,10,2800,600.0028,1999545,1,2606,3.0926,20
main/R10/BPPC_3_0_2.txt_0.1,main,R,10,3,500,1500,0.1,2,2882,600.0001,1917136,1,2680,2.9649,20
main/R10/BPPC_3_0_3.txt_0.4,main,R,10,3,500,1500,0.4,3,1162,600.0001,3645708,1,962,0.4142,20
main/R10/BPPC_3_0_4.txt_0.1,main,R,10,3,500,1500,0.1,4,2896,600.0001,1893857,1,2865,3.0725,20
main/R10/BPPC_3_0_4.txt_0.4,main,R,10,3,500,1500,0.4,4,1200,600.0000,3486859,1,1050,0.4179,20
main/R10/BPPC_3_0_5.txt_0.1,main,R,10,3,500,1500,0.1,5,2872,600.0001,1647078,1,2711,3.2774,20
main/R10/BPPC_3_0_5.txt_0.4,main,R,10,3,500,1500,0.4,5,1208,600.0001,3328313,1,983,0.3912,20
main/R10/BPPC_3_0_6.txt_0.4,main,R,10,3,500,1500,0.4,6,1205,600.0000,3174752,1,1110,0.4212,20
main/R10/BPPC_4_0_1.txt_0.8,main,R,10,4,1000,1500,0.8,1,590,311.5951,34092,0,517,0.1768,20
main/R10/BPPC_4_0_10.txt_0.8,main,R,10,4,1000,1500,0.8,10,561,314.4374,38805,0,474,0.2225,20
main/R10/BPPC_4_0_1.txt_0.1,main,R,10,4,1000,1500,0.1,1,3147,600.0010,401672,1,3066,7.4241,20
main/R10/BPPC_4_0_10.txt_0.1,main,R,10,4,1000,1500,0.1,10,3500,600.0010,341219,1,3343,7.7148,20
main/R10/BPPC_4_0_2.txt_0.1,main,R,10,4,1000,1500,0.1,2,3251,600.0014,356462,1,3104,7.0474,20
main/R10/BPPC_4_0_3.txt_0.8,main,R,10,4,1000,1500,0.8,3,558,312.0117,37952,0,477,0.1757,20
main/R10/BPPC_4_0_2.txt_0.4,main,R,10,4,1000,1500,0.4,2,1305,600.0001,1509226,1,1213,1.6146,20
main/R10/BPPC_4_0_3.txt_0.4,main,R,10,4,1000,1500,0.4,3,1291,600.0001,1501322,1,1116,1.3583,20
main/R10/BPPC_4_0_4.txt_0.8,main,R,10,4,1000,1500,0.8,4,574,312.6809,35019,0,463,0.1694,20
main/R10/BPPC_5_0_1.txt_0.1,main,R,10,5,60,10000,0.1,1,1402,10.1391,261,0,1402,0.0300,20
main/R10/BPPC_5_0_10.txt_0.1,main,R,10,5,60,10000,0.1,10,1427,10.4105,969,0,1418,0.0384,20
main/R10/BPPC_5_0_10.txt_0.4,main,R,10,5,60,10000,0.4,10,663,8.2748,1,0,663,0.0140,20
main/R10/BPPC_5_0_2.txt_0.4,main,R,10,5,60,10000,0.4,2,556,8.1077,141,0,556,0.0123,20
main/R10/BPPC_5_0_3.txt_0.4,main,R,10,5,60,10000,0.4,3,689,8.2740,1,0,649,0.0156,20
main/R10/BPPC_5_0_3.txt_0.8,main,R,10,5,60,10000,0.8,3,236,6.7890,1,0,236,0.0035,20
main/R10/BPPC_5_0_4.txt_0.4,main,R,10,5,60,10000,0.4,4,563,8.2871,239,0,563,0.0137,20
main/R10/BPPC_5_0_4.txt_0.8,main,R,10,5,60,10000,0.8,4,259,6.5449,1,0,259,0.0035,20
main/R10/BPPC_5_0_5.txt_0.1,main,R,10,5,60,10000,0.1,5,1356,10.1008,192,0,1356,0.0437,20
main/R10/BPPC_5_0_6.txt_0.1,main,R,10,5,60,10000,0.1,6,1453,10.3055,918,0,1453,0.0415,20
main/R10/BPPC_5_0_7.txt_0.8,main,R,10,5,60,10000,0.8,7,356,6.4426,1,0,356,0.0039,20
main/R10/BPPC_4_0_4.txt_0.1,main,R,10,4,1000,1500,0.1,4,3293,600.0022,370332,1,3035,7.5272,20
main/R10/BPPC_6_0_1.txt_0.1,main,R,10,6,120,10000,0.1,1,1946,56.2157,48866,0,1863,0.2451,20
main/R10/BPPC_6_0_1.txt_0.4,main,R,10,6,120,10000,0.4,1,817,30.4711,1465,0,817,0.0479,20
main/R10/BPPC_4_0_4.txt_0.4,main,R,10,4,1000,1500,0.4,4,1279,600.0001,1431056,1,1150,1.3806,20
main/R10/BPPC_6_0_10.txt_0.4,main,R,10,6,120,10000,0.4,10,740,30.8200,1439,0,679,0.0422,20
main/R10/BPPC_6_0_10.txt_0.8,main,R,10,6,120,10000,0.8,10,373,25.3211,1,0,315,0.0076,20
main/R10/BPPC_6_0_10.txt_0.1,main,R,10,6,120,10000,0.1,10,1949,70.4030,97382,0,1867,0.2432,20
main/R10/BPPC_6_0_2.txt_0.4,main,R,10,6,120,10000,0.4,2,819,31.1384,2526,0,747,0.0434,20
main/R10/BPPC_6_0_2.txt_0.8,main,R,10,6,120,10000,0.8,2,347,26.2121,1,0,347,0.0089,20
main/R10/BPPC_6_0_3.txt_0.4,main,R,10,6,120,10000,0.4,3,797,30.7579,2101,0,797,0.0368,20
main/R10/BPPC_6_0_2.txt_0.1,main,R,10,6,120,10000,0.1,2,1953,82.8501,150361,0,1844,0.2586,20
main/R10/BPPC_6_0_3.txt_0.8,main,R,10,6,120,10000,0.8,3,373,25.7603,1,0,363,0.0109,20
main/R10/BPPC_6_0_4.txt_0.8,main,R,10,6,120,10000,0.8,4,356,25.6712,1,0,339,0.0085,20
main/R10/BPPC_6_0_4.txt_0.1,main,R,10,6,120,10000,0.1,4,2088,50.1822,34492,0,1933,0.2319,20
main/R10/BPPC_4_0_5.txt_0.4,main,R,10,4,1000,1500,0.4,5,1309,600.0002,1364057,1,1163,1.3138,20
main/R10/BPPC_7_0_1.txt_0.4,main,R,10,7,249,10000,0.4,1,996,132.1055,75197,0,910,0.1396,20
main/R10/BPPC_7_0_1.txt_0.8,main,R,10,7,249,10000,0.8,1,435,110.0977,293,0,395,0.0211,20
main/R10/BPPC_7_0_10.txt_0.8,main,R,10,7,249,10000,0.8,10,450,110.1234,1,0,423,0.0217,20
main/R10/BPPC_7_0_3.txt_0.4,main,R,10,7,249,10000,0.4,3,961,134.1292,99774,0,889,0.1354,20
main/R10/BPPC_7_0_3.txt_0.8,main,R,10,7,249,10000,0.8,3,455,108.6917,407,0,455,0.0241,20
main/R10/BPPC_7_0_10.txt_0.1,main,R,10,7,249,10000,0.1,10,2556,401.7394,1044644,0,2528,2.1392,20
main/R10/BPPC_7_0_3.txt_0.1,main,R,10,7,249,10000,0.1,3,2488,339.5723,632755,0,2367,2.0400,20
main/R10/BPPC_7_0_4.txt_0.4,main,R,10,7,249,10000,0.4,4,976,131.0683,68975,0,900,0.1342,20
main/R10/BPPC_7_0_4.txt_0.8,main,R,10,7,249,10000,0.8,4,406,105.1599,699,0,403,0.0202,20
main/R10/BPPC_7_0_2.txt_0.1,main,R,10,7,249,10000,0.1,2,2554,454.5254,962505,0,2495,2.1601,20
main/R10/BPPC_7_0_5.txt_0.4,main,R,10,7,249,10000,0.4,5,995,132.0223,92435,0,889,0.1230,20
main/R10/BPPC_7_0_4.txt_0.1,main,R,10,7,249,10000,0.1,4,2506,347.0479,655759,0,2380,2.0067,20
main/R10/BPPC_8_0_1.txt_0.8,main,R,10,8,501,10000,0.8,1,472,468.8730,5310,0,421,0.0608,20
main/R10/BPPC_8_0_1.txt_0.4,main,R,10,8,501,10000,0.4,1,1182,600.0001,310962,1,962,0.4923,20
main/R10/BPPC_8_0_1.txt_0.1,main,R,10,8,501,10000,0.1,1,2766,656.7826,0,1,2830,6.0641,20
main/R10/BPPC_8_0_10.txt_0.1,main,R,10,8,501,10000,0.1,10,2719,661.3335,0,1,2902,6.2220,20
main/R10/BPPC_8_0_10.txt_0.8,main,R,10,8,501,10000,0.8,10,483,471.9414,4544,0,421,0.0608,20
main/R10/BPPC_8_0_10.txt_0.4,main,R,10,8,501,10000,0.4,10,1181,600.0001,352497,1,940,0.4115,20
main/R10/BPPC_8_0_2.txt_0.1,main,R,10,8,501,10000,0.1,2,2778,655.3815,0,1,2778,5.5381,20
main/R10/BPPC_8_0_2.txt_0.4,main,R,10,8,501,10000,0.4,2,1131,600.0001,28237,1,987,0.3560,20
main/R10/BPPC_8_0_2.txt_0.8,main,R,10,8,501,10000,0.8,2,497,539.8980,4044,0,434,0.0643,20
main/R3/BPPC_1_0_1.txt_0.1,main,R,3,1,120,450,0.1,1,908,3.1795,124,0,905,0.0490,20
main/R3/BPPC_1_0_1.txt_0.4,main,R,3,1,120,450,0.4,1,740,3.3179,566,0,736,0.0391,20
main/R3/BPPC_1_0_10.txt_0.4,main,R,3,1,120,450,0.4,10,765,2.2587,610,0,724,0.0368,20
main/R3/BPPC_1_0_2.txt_0.1,main,R,3,1,120,450,0.1,2,1005,2.0005,1,0,1005,0.0642,20
main/R3/BPPC_1_0_2.txt_0.4,main,R,3,1,120,450,0.4,2,740,3.1487,538,0,701,0.0380,20
main/R3/BPPC_1_0_3.txt_0.1,main,R,3,1,120,450,0.1,3,1052,5.3532,571,0,1035,0.0488,20
main/R3/BPPC_1_0_3.txt_0.4,main,R,3,1,120,450,0.4,3,723,2.5799,706,0,723,0.0363,20
main/R3/BPPC_1_0_3.txt_0.8,main,R,3,1,120,450,0.8,3,385,1.4147,1,0,338,0.0089,20
main/R3/BPPC_1_0_4.txt_0.1,main,R,3,1,120,450,0.1,4,978,7.1760,1275,0,962,0.0488,20
main/R3/BPPC_1_0_4.txt_0.8,main,R,3,1,120,450,0.8,4,365,1.4184,1,0,346,0.0111,20
main/R3/BPPC_1_0_5.txt_0.8,main,R,3,1,120,450,0.8,5,432,1.2974,1,0,432,0.0115,20
main/R3/BPPC_1_0_6.txt_0.8,main,R,3,1,120,450,0.8,6,368,1.4321,1,0,368,0.0096,20
main/R3/BPPC_2_0_1.txt_0.1,main,R,3,2,250,450,0.1,1,1193,65.7598,1574,0,1170,0.1128,20
main/R3/BPPC_2_0_1.txt_0.8,main,R,3,2,250,450,0.8,1,450,11.3658,526,0,450,0.0266,20
main/R10/BPPC_8_0_3.txt_0.8,main,R,10,8,501,10000,0.8,3,502,568.7548,4311,0,472,0.0671,20
main/R3/BPPC_2_0_10.txt_0.4,main,R,3,2,250,450,0.4,10,886,12.5457,6001,0,811,0.1098,20
main/R3/BPPC_2_0_10.txt_0.8,main,R,3,2,250,450,0.8,10,425,8.6578,549,0,422,0.0289,20
main/R3/BPPC_2_0_10.txt_0.1,main,R,3,2,250,450,0.1,10,1337,73.9069,5853,0,1321,0.1268,20
main/R3/BPPC_2_0_2.txt_0.4,main,R,3,2,250,450,0.4,2,853,10.1905,4514,0,812,0.1003,20
main/R3/BPPC_2_0_2.txt_0.8,main,R,3,2,250,450,0.8,2,440,12.6590,495,0,388,0.0258,20
main/R3/BPPC_2_0_3.txt_0.1,main,R,3,2,250,450,0.1,3,1260,9.8797,44,0,1250,0.1195,20
main/R3/BPPC_2_0_2.txt_0.1,main,R,3,2,250,450,0.1,2,1221,63.7622,1536,0,1200,0.1141,20
main/R3/BPPC_2_0_3.txt_0.4,main,R,3,2,250,450,0.4,3,793,9.2317,7802,0,769,0.0900,20
main/R3/BPPC_2_0_3.txt_0.8,main,R,3,2,250,450,0.8,3,420,6.2077,680,0,415,0.0237,20
main/R3/BPPC_3_0_1.txt_0.8,main,R,3,3,500,450,0.8,1,506,28.3596,3970,0,439,0.0793,20
main/R3/BPPC_2_0_5.txt_0.4,main,R,3,2,250,450,0.4,5,886,35.2569,1622,0,849,0.1062,20
main/R3/BPPC_3_0_10.txt_0.8,main,R,3,3,500,450,0.8,10,486,28.6961,4428,0,452,0.0824,20
main/R10/BPPC_8_0_4.txt_0.4,main,R,10,8,501,10000,0.4,4,753,652.1035,0,1,1010,0.4647,20
main/R3/BPPC_3_0_2.txt_0.8,main,R,3,3,500,450,0.8,2,496,28.6281,4309,0,441,0.0778,20
main/R10/BPPC_8_0_4.txt_0.1,main,R,10,8,501,10000,0.1,4,2704,814.2855,0,1,2899,6.1544,20
main/R3/BPPC_3_0_3.txt_0.4,main,R,3,3,500,450,0.4,3,977,40.6230,35283,0,919,0.2757,20
main/R3/BPPC_3_0_3.txt_0.8,main,R,3,3,500,450,0.8,3,518,29.1265,3545,0,517,0.0775,20
main/R3/BPPC_3_0_10.txt_0.1,main,R,3,3,500,450,0.1,10,1419,332.0963,591,0,1404,0.3285,20
main/R3/BPPC_3_0_4.txt_0.4,main,R,3,3,500,450,0.4,4,967,48.4683,45932,0,906,0.2996,20
main/R3/BPPC_3_0_5.txt_0.4,main,R,3,3,500,450,0.4,5,979,40.9210,41775,0,929,0.2649,20
main/R3/BPPC_3_0_2.txt_0.1,main,R,3,3,500,450,0.1,2,1376,427.4129,1726,0,1361,0.3284,20
main/R3/BPPC_3_0_6.txt_0.4,main,R,3,3,500,450,0.4,6,947,41.6085,28808,0,849,0.2289,20
main/R3/BPPC_4_0_1.txt_0.8,main,R,3,4,1000,450,0.8,1,590,109.4306,23794,0,467,0.2153,20
main/R3/BPPC_3_0_3.txt_0.1,main,R,3,3,500,450,0.1,3,1437,420.9801,2060,0,1430,0.3534,20
main/R3/BPPC_4_0_10.txt_0.8,main,R,3,4,1000,450,0.8,10,557,112.6747,27391,0,474,0.2674,20
main/R3/BPPC_3_0_4.txt_0.1,main,R,3,3,500,450,0.1,4,1442,600.0005,0,1,1425,0.3593,20
main/R3/BPPC_4_0_1.txt_0.1,main,R,3,4,1000,450,0.1,1,1613,600.0375,0,1,1587,0.5824,20
main/R3/BPPC_4_0_10.txt_0.1,main,R,3,4,1000,450,0.1,10,1717,600.0322,0,1,1722,0.6112,20
main/R3/BPPC_4_0_2.txt_0.4,main,R,3,4,1000,450,0.4,2,1117,299.9551,224905,0,1022,0.7152,20
main/R3/BPPC_4_0_3.txt_0.4,main,R,3,4,1000,450,0.4,3,1088,219.7503,226398,0,984,0.5623,20
main/R3/BPPC_4_0_3.txt_0.8,main,R,3,4,1000,450,0.8,3,558,110.9775,25183,0,478,0.2728,20
main/R3/BPPC_4_0_2.txt_0.1,main,R,3,4,1000,450,0.1,2,1587,600.0013,0,1,1587,0.6012,20
main/R3/BPPC_4_0_4.txt_0.8,main,R,3,4,1000,450,0.8,4,574,116.7697,22035,0,463,0.2261,20
main/R3/BPPC_5_0_1.txt_0.1,main,R,3,5,60,3000,0.1,1,882,3.5769,151,0,882,0.0231,20
main/R3/BPPC_5_0_1.txt_0.4,main,R,3,5,60,3000,0.4,1,591,2.5249,184,0,591,0.0125,20
main/R3/BPPC_5_0_10.txt_0.1,main,R,3,5,60,3000,0.1,10,852,3.0346,12,0,852,0.0237,20
main/R3/BPPC_5_0_10.txt_0.4,main,R,3,5,60,3000,0.4,10,651,2.4370,1,0,651,0.0131,20
main/R3/BPPC_5_0_2.txt_0.4,main,R,3,5,60,3000,0.4,2,556,3.4677,123,0,556,0.0138,20
main/R3/BPPC_5_0_3.txt_0.4,main,R,3,5,60,3000,0.4,3,686,2.5521,1,0,686,0.0169,20
main/R3/BPPC_5_0_3.txt_0.8,main,R,3,5,60,3000,0.8,3,236,1.9023,1,0,236,0.0032,20
main/R3/BPPC_5_0_4.txt_0.8,main,R,3,5,60,3000,0.8,4,259,1.9616,1,0,259,0.0045,20
main/R3/BPPC_5_0_5.txt_0.1,main,R,3,5,60,3000,0.1,5,869,4.0809,42,0,869,0.0221,20
main/R3/BPPC_5_0_6.txt_0.1,main,R,3,5,60,3000,0.1,6,875,3.0189,23,0,872,0.0264,20
main/R3/BPPC_5_0_7.txt_0.8,main,R,3,5,60,3000,0.8,7,356,1.8333,1,0,356,0.0038,20
main/R3/BPPC_6_0_1.txt_0.1,main,R,3,6,120,3000,0.1,1,958,11.0771,1,0,933,0.0634,20
main/R3/BPPC_6_0_1.txt_0.4,main,R,3,6,120,3000,0.4,1,817,14.9569,159,0,817,0.0468,20
main/R3/BPPC_6_0_10.txt_0.1,main,R,3,6,120,3000,0.1,10,999,11.6218,1,0,999,0.0676,20
main/R3/BPPC_6_0_10.txt_0.4,main,R,3,6,120,3000,0.4,10,685,9.1997,792,0,672,0.0367,20
main/R3/BPPC_6_0_10.txt_0.8,main,R,3,6,120,3000,0.8,10,373,7.3728,1,0,315,0.0074,20
main/R3/BPPC_6_0_2.txt_0.1,main,R,3,6,120,3000,0.1,2,990,12.2639,73,0,986,0.0635,20
main/R3/BPPC_6_0_2.txt_0.4,main,R,3,6,120,3000,0.4,2,766,10.7189,692,0,734,0.0399,20
main/R3/BPPC_6_0_2.txt_0.8,main,R,3,6,120,3000,0.8,2,347,8.1342,1,0,347,0.0094,20
main/R3/BPPC_6_0_3.txt_0.4,main,R,3,6,120,3000,0.4,3,793,9.0611,580,0,793,0.0399,20
main/R3/BPPC_6_0_3.txt_0.8,main,R,3,6,120,3000,0.8,3,373,7.4219,1,0,363,0.0100,20
main/R3/BPPC_6_0_4.txt_0.1,main,R,3,6,120,3000,0.1,4,1019,11.3176,1,0,1019,0.0687,20
main/R3/BPPC_6_0_4.txt_0.8,main,R,3,6,120,3000,0.8,4,356,7.3676,1,0,339,0.0083,20
main/R3/BPPC_4_0_5.txt_0.4,main,R,3,4,1000,450,0.4,5,1117,204.2029,378209,0,1072,0.5618,20
main/R3/BPPC_7_0_1.txt_0.4,main,R,3,7,249,3000,0.4,1,904,53.9824,2242,0,809,0.1343,20
main/R3/BPPC_7_0_1.txt_0.8,main,R,3,7,249,3000,0.8,1,435,40.3872,293,0,395,0.0223,20
main/R3/BPPC_7_0_10.txt_0.8,main,R,3,7,249,3000,0.8,10,450,39.6331,1,0,423,0.0263,20
main/R3/BPPC_7_0_10.txt_0.1,main,R,3,7,249,3000,0.1,10,1042,74.8320,1565,0,1039,0.1344,20
main/R3/BPPC_7_0_3.txt_0.1,main,R,3,7,249,3000,0.1,3,1034,48.8399,1,0,1034,0.1354,20
main/R3/BPPC_7_0_2.txt_0.1,main,R,3,7,249,3000,0.1,2,1059,68.9493,652,0,1059,0.1324,20
main/R3/BPPC_7_0_3.txt_0.8,main,R,3,7,249,3000,0.8,3,455,36.4473,407,0,455,0.0240,20
main/R3/BPPC_7_0_3.txt_0.4,main,R,3,7,249,3000,0.4,3,889,71.9879,1266,0,889,0.1186,20
main/R3/BPPC_4_0_4.txt_0.1,main,R,3,4,1000,450,0.1,4,1544,600.0009,0,1,1545,0.5204,20
main/R3/BPPC_7_0_4.txt_0.1,main,R,3,7,249,3000,0.1,4,1063,59.6640,80,0,1063,0.1469,20
main/R3/BPPC_7_0_4.txt_0.4,main,R,3,7,249,3000,0.4,4,866,50.7221,4002,0,854,0.1287,20
main/R3/BPPC_7_0_4.txt_0.8,main,R,3,7,249,3000,0.8,4,406,32.5858,699,0,403,0.0211,20
main/R3/BPPC_4_0_4.txt_0.4,main,R,3,4,1000,450,0.4,4,1078,600.0268,0,1,1102,0.5747,20
main/R3/BPPC_7_0_5.txt_0.4,main,R,3,7,249,3000,0.4,5,891,52.6922,6148,0,808,0.1044,20
main/R3/BPPC_8_0_1.txt_0.8,main,R,3,8,501,3000,0.8,1,472,141.9377,5230,0,421,0.0619,20
main/R3/BPPC_8_0_1.txt_0.4,main,R,3,8,501,3000,0.4,1,975,570.4553,14839,0,962,0.3915,20
main/R3/BPPC_8_0_1.txt_0.1,main,R,3,8,501,3000,0.1,1,1053,600.0036,0,1,1070,0.3779,20
main/R3/BPPC_8_0_10.txt_0.1,main,R,3,8,501,3000,0.1,10,1049,600.0017,0,1,1055,0.3803,20
main/R3/BPPC_8_0_10.txt_0.4,main,R,3,8,501,3000,0.4,10,968,519.9067,11528,0,944,0.3623,20
main/R3/BPPC_8_0_10.txt_0.8,main,R,3,8,501,3000,0.8,10,483,142.2632,4473,0,421,0.0616,20
main/R3/BPPC_8_0_2.txt_0.8,main,R,3,8,501,3000,0.8,2,497,141.7666,3868,0,434,0.0680,20
main/R3/BPPC_8_0_3.txt_0.8,main,R,3,8,501,3000,0.8,3,502,141.7371,4215,0,472,0.0664,20
main/R3/BPPC_8_0_2.txt_0.1,main,R,3,8,501,3000,0.1,2,1070,373.6184,3162,0,1070,0.3629,20
main/R3/BPPC_8_0_4.txt_0.1,main,R,3,8,501,3000,0.1,4,1070,462.8782,8376,0,1046,0.3616,20
main/R3/BPPC_8_0_4.txt_0.4,main,R,3,8,501,3000,0.4,4,925,521.4670,15817,0,889,0.3368,20
main/R3/BPPC_8_0_5.txt_0.4,main,R,3,8,501,3000,0.4,5,946,575.8207,2319,0,874,0.3409,20
sparse/C/test_1000_1000_r0.001-0.dat,sparse,C,,,1000,1000,0.001,0,2360,503.2548,1,0,2360,0.1293,20
sparse/C/test_1000_1000_r0.001-1.dat,sparse,C,,,1000,1000,0.001,1,2310,600.0074,0,1,2310,0.1544,20
sparse/C/test_1000_1000_r0.001-2.dat,sparse,C,,,1000,1000,0.001,2,2400,499.6326,1,0,2400,0.1331,20
sparse/C/test_1000_1000_r0.001-3.dat,sparse,C,,,1000,1000,0.001,3,2380,509.5473,1,0,2380,0.1580,20
sparse/C/test_1000_1000_r0.01-0.dat,sparse,C,,,1000,1000,0.01,0,2129,600.0317,0,1,2120,0.1867,20
sparse/C/test_1000_1000_r0.01-1.dat,sparse,C,,,1000,1000,0.01,1,2090,600.0705,0,1,2090,0.1923,20
sparse/C/test_1000_1000_r0.01-2.dat,sparse,C,,,1000,1000,0.01,2,2100,600.0830,0,1,2100,0.1714,20
sparse/C/test_1000_1000_r0.01-3.dat,sparse,C,,,1000,1000,0.01,3,2160,600.0016,376560,1,2160,0.1597,20
sparse/C/test_1000_1000_r0.05-0.dat,sparse,C,,,1000,1000,0.05,0,1683,600.0016,1224874,1,1660,0.3032,20
sparse/C/test_1000_1000_r0.05-1.dat,sparse,C,,,1000,1000,0.05,1,1663,600.0048,652768,1,1630,0.2891,20
sparse/C/test_1000_1000_r0.05-2.dat,sparse,C,,,1000,1000,0.05,2,1670,600.0017,1618849,1,1650,0.3136,20
sparse/C/test_1000_1000_r0.05-3.dat,sparse,C,,,1000,1000,0.05,3,1720,600.0007,1313503,1,1690,0.3007,20
sparse/C/test_1000_2000_r0.001-0.dat,sparse,C,,,1000,2000,0.001,0,3912,805.5957,0,1,3920,0.2342,20
sparse/C/test_1000_2000_r0.001-1.dat,sparse,C,,,1000,2000,0.001,1,3773,820.3275,0,1,3790,0.2425,20
sparse/C/test_1000_2000_r0.001-2.dat,sparse,C,,,1000,2000,0.001,2,4025,820.1875,0,1,4040,0.2314,20
sparse/C/test_1000_2000_r0.001-3.dat,sparse,C,,,1000,2000,0.001,3,3815,822.1440,0,1,3830,0.2248,20
sparse/C/test_1000_2000_r0.01-0.dat,sparse,C,,,1000,2000,0.01,0,3459,673.7175,0,1,3470,0.3156,20
sparse/C/test_1000_2000_r0.01-1.dat,sparse,C,,,1000,2000,0.01,1,3528,682.7643,0,1,3540,0.3338,20
sparse/C/test_1000_2000_r0.01-2.dat,sparse,C,,,1000,2000,0.01,2,3456,682.3974,0,1,3460,0.3315,20
sparse/C/test_1000_2000_r0.01-3.dat,sparse,C,,,1000,2000,0.01,3,3505,682.0309,0,1,3520,0.3494,20
sparse/C/test_1000_2000_r0.05-0.dat,sparse,C,,,1000,2000,0.05,0,2730,601.1339,0,1,2799,0.8602,20
sparse/C/test_500_1000_r0.001-0.dat,sparse,C,,,500,1000,0.001,0,2000,114.2906,1,0,2000,0.0520,20
sparse/C/test_500_1000_r0.001-1.dat,sparse,C,,,500,1000,0.001,1,1920,115.7518,1,0,1910,0.0567,20
sparse/C/test_500_1000_r0.001-2.dat,sparse,C,,,500,1000,0.001,2,1970,117.2400,1,0,1970,0.0579,20
sparse/C/test_1000_2000_r0.05-1.dat,sparse,C,,,1000,2000,0.05,1,2715,623.4716,0,1,2760,0.9819,20
sparse/C/test_1000_2000_r0.05-2.dat,sparse,C,,,1000,2000,0.05,2,2273,625.0312,0,1,2750,1.6209,20
sparse/C/test_500_1000_r0.001-3.dat,sparse,C,,,500,1000,0.001,3,2010,113.5733,1,0,2010,0.0547,20
sparse/C/test_1000_2000_r0.05-3.dat,sparse,C,,,1000,2000,0.05,3,2751,633.3730,0,1,2760,0.9554,20
sparse/C/test_500_1000_r0.01-0.dat,sparse,C,,,500,1000,0.01,0,1830,600.0009,214818,1,1820,0.0780,20
sparse/C/test_500_1000_r0.01-1.dat,sparse,C,,,500,1000,0.01,1,1780,600.0071,0,1,1780,0.0808,20
sparse/C/test_500_1000_r0.01-2.dat,sparse,C,,,500,1000,0.01,2,1900,600.0103,0,1,1900,0.0723,20
sparse/C/test_500_1000_r0.01-3.dat,sparse,C,,,500,1000,0.01,3,1830,600.0003,0,1,1820,0.0750,20
sparse/C/test_500_1000_r0.05-0.dat,sparse,C,,,500,1000,0.05,0,1570,600.0002,4614708,1,1550,0.2321,20
sparse/C/test_500_1000_r0.05-1.dat,sparse,C,,,500,1000,0.05,1,1586,600.0003,5120512,1,1560,0.1402,20
sparse/C/test_500_1000_r0.05-2.dat,sparse,C,,,500,1000,0.05,2,1580,600.0017,3400713,1,1560,0.1186,20
sparse/C/test_500_1000_r0.05-3.dat,sparse,C,,,500,1000,0.05,3,1550,600.0002,4022661,1,1540,0.1379,20
sparse/C/test_500_2000_r0.001-0.dat,sparse,C,,,500,2000,0.001,0,3320,220.0727,1,0,3320,0.0942,20
sparse/C/test_500_2000_r0.001-1.dat,sparse,C,,,500,2000,0.001,1,3370,212.7318,1,0,3370,0.0978,20
sparse/C/test_500_2000_r0.001-2.dat,sparse,C,,,500,2000,0.001,2,3330,210.4765,1,0,3330,0.0872,20
sparse/C/test_500_2000_r0.001-3.dat,sparse,C,,,500,2000,0.001,3,3350,215.3376,1,0,3350,0.0941,20
sparse/C/test_500_2000_r0.01-0.dat,sparse,C,,,500,2000,0.01,0,3080,600.0009,4526820,1,3070,0.1281,20
sparse/C/test_500_2000_r0.01-1.dat,sparse,C,,,500,2000,0.01,1,3130,600.0023,5882654,1,3120,0.1162,20
sparse/C/test_500_2000_r0.01-2.dat,sparse,C,,,500,2000,0.01,2,3163,600.0028,2733394,1,3160,0.1443,20
sparse/C/test_500_2000_r0.01-3.dat,sparse,C,,,500,2000,0.01,3,3140,600.0022,3115028,1,3130,0.1260,20
sparse/C/test_500_2000_r0.05-0.dat,sparse,C,,,500,2000,0.05,0,2685,600.0009,2673309,1,2670,0.4166,20
sparse/C/test_500_2000_r0.05-1.dat,sparse,C,,,500,2000,0.05,1,2700,600.0007,2610911,1,2650,0.4462,20
sparse/C/test_500_2000_r0.05-2.dat,sparse,C,,,500,2000,0.05,2,2680,600.0006,3331410,1,2640,0.5606,20
sparse/C/test_500_2000_r0.05-3.dat,sparse,C,,,500,2000,0.05,3,2722,600.0003,2241790,1,2708,0.4394,20
sparse/R/test_1000_1000_r0.001-0.dat,sparse,R,,,1000,1000,0.001,0,7755,466.9826,1,0,7754,4.2147,20
sparse/R/test_1000_1000_r0.001-2.dat,sparse,R,,,1000,1000,0.001,2,7774,475.0743,1,0,7774,4.3837,20
sparse/R/test_1000_1000_r0.001-1.dat,sparse,R,,,1000,1000,0.001,1,7615,600.0739,0,1,7611,4.2164,20
sparse/R/test_1000_1000_r0.001-3.dat,sparse,R,,,1000,1000,0.001,3,7245,600.0033,0,1,7245,3.9822,20
sparse/R/test_1000_1000_r0.01-0.dat,sparse,R,,,1000,1000,0.01,0,6983,600.0150,0,1,6958,5.3628,20
sparse/R/test_1000_1000_r0.01-1.dat,sparse,R,,,1000,1000,0.01,1,6782,600.0213,0,1,6741,5.4692,20
sparse/R/test_1000_1000_r0.01-2.dat,sparse,R,,,1000,1000,0.01,2,6888,600.0391,0,1,6805,5.2932,20
sparse/R/test_1000_1000_r0.01-3.dat,sparse,R,,,1000,1000,0.01,3,7339,600.0264,0,1,7284,6.3181,20
sparse/R/test_1000_1000_r0.05-0.dat,sparse,R,,,1000,1000,0.05,0,4439,600.0064,342243,1,4213,8.6135,20
sparse/R/test_1000_1000_r0.05-1.dat,sparse,R,,,1000,1000,0.05,1,4435,600.0035,377179,1,4254,9.1791,20
sparse/R/test_1000_1000_r0.05-2.dat,sparse,R,,,1000,1000,0.05,2,4709,600.0016,481951,1,4379,8.8032,20
sparse/R/test_1000_1000_r0.05-3.dat,sparse,R,,,1000,1000,0.05,3,4194,600.0017,488039,1,4110,8.4424,20
sparse/R/test_1000_2000_r0.001-0.dat,sparse,R,,,1000,2000,0.001,0,10301,793.0073,0,1,10303,11.4490,20
sparse/R/test_1000_2000_r0.001-1.dat,sparse,R,,,1000,2000,0.001,1,10792,774.3129,0,1,10792,10.9333,20
sparse/R/test_1000_2000_r0.001-2.dat,sparse,R,,,1000,2000,0.001,2,10981,787.6378,0,1,10988,10.9441,20
sparse/R/test_1000_2000_r0.001-3.dat,sparse,R,,,1000,2000,0.001,3,11018,794.0747,0,1,11018,12.0410,20
sparse/R/test_1000_2000_r0.01-0.dat,sparse,R,,,1000,2000,0.01,0,9272,660.8626,0,1,9278,15.7229,20
sparse/R/test_1000_2000_r0.01-1.dat,sparse,R,,,1000,2000,0.01,1,9044,665.6933,0,1,9044,16.1180,20
sparse/R/test_1000_2000_r0.01-2.dat,sparse,R,,,1000,2000,0.01,2,9069,657.9102,0,1,9072,14.4581,20
sparse/R/test_1000_2000_r0.01-3.dat,sparse,R,,,1000,2000,0.01,3,9123,666.2900,0,1,9123,18.3351,20
sparse/R/test_1000_2000_r0.05-0.dat,sparse,R,,,1000,2000,0.05,0,4927,600.0113,0,1,5209,28.2610,20
sparse/R/test_1000_2000_r0.05-1.dat,sparse,R,,,1000,2000,0.05,1,5370,600.0426,0,1,5027,26.4878,20
sparse/R/test_500_1000_r0.001-0.dat,sparse,R,,,500,1000,0.001,0,5521,107.6372,1,0,5520,1.6055,20
sparse/R/test_1000_2000_r0.05-2.dat,sparse,R,,,1000,2000,0.05,2,5022,600.0446,0,1,4929,26.4942,20
sparse/R/test_500_1000_r0.001-1.dat,sparse,R,,,500,1000,0.001,1,6098,106.4084,1,0,6047,1.6090,20
sparse/R/test_500_1000_r0.001-2.dat,sparse,R,,,500,1000,0.001,2,5072,108.0631,1,0,5070,1.4744,20
sparse/R/test_1000_2000_r0.05-3.dat,sparse,R,,,1000,2000,0.05,3,5265,600.0340,0,1,5190,27.8187,20
sparse/R/test_500_1000_r0.001-3.dat,sparse,R,,,500,1000,0.001,3,5791,600.0027,0,1,5780,1.5535,20
sparse/R/test_500_1000_r0.01-0.dat,sparse,R,,,500,1000,0.01,0,4853,600.0017,0,1,4841,1.3614,20
sparse/R/test_500_1000_r0.01-1.dat,sparse,R,,,500,1000,0.01,1,4820,600.0133,0,1,4800,1.8283,20
sparse/R/test_500_1000_r0.01-2.dat,sparse,R,,,500,1000,0.01,2,4794,600.0010,0,1,4761,1.6606,20
sparse/R/test_500_1000_r0.01-3.dat,sparse,R,,,500,1000,0.01,3,5158,600.0038,0,1,5158,1.8846,20
sparse/R/test_500_1000_r0.05-0.dat,sparse,R,,,500,1000,0.05,0,3757,600.0024,2079248,1,3444,2.9729,20
sparse/R/test_500_1000_r0.05-1.dat,sparse,R,,,500,1000,0.05,1,4050,600.0003,1324687,1,3809,2.9979,20
sparse/R/test_500_1000_r0.05-2.dat,sparse,R,,,500,1000,0.05,2,3846,600.0047,1155710,1,3482,2.7175,20
sparse/R/test_500_2000_r0.001-0.dat,sparse,R,,,500,2000,0.001,0,7097,197.6102,1,0,7097,3.7797,20
sparse/R/test_500_2000_r0.001-1.dat,sparse,R,,,500,2000,0.001,1,7853,201.8816,1,0,7830,3.9894,20
sparse/R/test_500_2000_r0.001-3.dat,sparse,R,,,500,2000,0.001,3,8331,279.6789,82,0,8331,4.0506,20
sparse/R/test_500_1000_r0.05-3.dat,sparse,R,,,500,1000,0.05,3,3468,600.0017,2051714,1,3258,3.0345,20
sparse/R/test_500_2000_r0.001-2.dat,sparse,R,,,500,2000,0.001,2,7779,600.0014,0,1,7776,4.1434,20
sparse/R/test_500_2000_r0.01-0.dat,sparse,R,,,500,2000,0.01,0,6735,600.0025,822131,1,6591,4.6697,20
sparse/R/test_500_2000_r0.01-1.dat,sparse,R,,,500,2000,0.01,1,7302,600.0052,213626,1,7234,4.0698,20
sparse/R/test_500_2000_r0.01-2.dat,sparse,R,,,500,2000,0.01,2,7371,600.0026,1287015,1,7279,4.2669,20
sparse/R/test_500_2000_r0.01-3.dat,sparse,R,,,500,2000,0.01,3,6823,600.0489,1231300,1,6735,4.6433,20
sparse/R/test_500_2000_r0.05-0.dat,sparse,R,,,500,2000,0.05,0,4258,600.0008,881760,1,4354,7.3861,20
sparse/R/test_500_2000_r0.05-1.dat,sparse,R,,,500,2000,0.05,1,4824,600.0005,1063649,1,4729,8.1814,20
sparse/R/test_500_2000_r0.05-2.dat,sparse,R,,,500,2000,0.05,2,4027,600.0008,1155000,1,4591,8.6251,20
sparse/R/test_500_2000_r0.05-3.dat,sparse,R,,,500,2000,0.05,3,4493,600.0010,882851,1,4268,8.3797,20
